"","gene","Th1","Th2","Th1_17","Th17","NKT","naive.stim","Treg.mem","Treg.naive","naive"
"1","AHR",50,51,54,50,44,52,46,28,0
"2","ARID5B",50,53,50,49,43,46,54,40,0
"3","BACH1",21,27,29,38,20,0,29,28,0
"4","BACH2",46,52,51,54,54,45,50,48,0
"5","BATF",52,51,49,55,45,46,54,35,0
"6","BATF3",6,0,11,0,0,6,9,0,0
"7","BCL6",42,51,46,49,25,48,52,49,18
"8","BHLHE40",47,55,49,51,53,0,49,49,27
"9","CCDC88A",42,48,45,0,49,0,46,47,0
"10","CREM",48,46,51,54,45,33,50,44,12
"11","CUX1",48,56,45,52,41,38,48,44,0
"12","DDIT3",50,52,47,49,46,33,51,32,0
"13","EGR1",2,0,0,5,10,0,6,7,0
"14","EOMES",44,0,44,0,0,0,0,0,0
"15","EPAS1",48,53,48,49,49,0,50,42,0
"16","ESR2",45,50,0,52,44,0,49,45,0
"17","FOS",45,50,33,19,38,0,30,16,0
"18","FOXN3",58,59,58,56,58,54,55,49,0
"19","FOXO1",50,52,50,52,41,41,50,47,0
"20","FOXO3",46,55,48,49,46,0,49,43,0
"21","FOXP1",53,53,51,54,53,51,54,52,0
"22","GABPB1",48,50,46,57,32,0,46,0,0
"23","GATA2",3,0,0,7,0,0,0,0,0
"24","GATA3",52,49,55,49,52,0,50,36,0
"25","GLIS3",49,51,50,49,48,44,47,43,0
"26","HDX",24,0,0,0,0,0,0,34,0
"27","HES4",49,48,44,0,29,11,50,0,0
"28","HIF1A",49,56,50,51,53,48,52,41,0
"29","HIVEP2",50,49,52,52,50,54,51,46,0
"30","HIVEP3",51,54,52,56,53,45,52,35,0
"31","HMGB1",53,50,45,51,49,51,52,50,0
"32","HMGB2",51,55,51,50,52,52,49,51,42
"33","HOPX",54,40,53,0,50,27,50,28,0
"34","HOXB6",6,0,0,2,0,0,0,2,0
"35","ID2",54,54,55,52,51,40,56,40,0
"36","ID3",47,55,45,50,42,0,51,50,0
"37","IKZF1",51,49,50,50,50,53,54,39,0
"38","IKZF3",51,51,52,55,44,28,56,49,0
"39","JUN",41,44,45,50,46,37,48,41,0
"40","JUNB",51,54,48,53,48,47,52,46,0
"41","KLF3",45,44,47,52,43,0,44,38,0
"42","KLF5",3,12,4,5,0,0,0,0,0
"43","KLF6",53,52,50,56,47,46,48,32,0
"44","LCORL",44,50,46,49,36,0,50,25,0
"45","LEF1",52,53,51,51,52,41,53,42,0
"46","MAF",50,54,55,53,50,44,53,42,8
"47","MYB",28,30,19,17,0,48,31,14,8
"48","MYBL1",46,49,45,37,0,0,24,12,0
"49","NCOA1",48,51,46,51,43,0,49,38,0
"50","NFAT5",52,56,53,55,55,55,52,39,0
"51","NFIA",53,47,50,48,51,16,56,25,0
"52","NFIB",4,0,0,0,0,0,2,0,0
"53","NFKB1",49,52,52,53,52,41,52,36,0
"54","NR1D2",14,15,23,26,12,22,17,0,0
"55","NR3C1",51,55,54,59,52,52,57,42,0
"56","NR3C2",48,47,44,46,47,0,45,0,0
"57","NR4A1",46,50,52,53,50,39,48,46,0
"58","NR4A2",53,54,58,54,56,56,56,50,0
"59","NR4A3",50,49,0,0,48,34,47,38,0
"60","NR6A1",39,47,22,37,32,41,45,30,0
"61","PBX3",28,30,36,26,36,0,25,19,0
"62","PBX4",50,58,47,49,46,38,49,47,30
"63","PLAGL1",30,38,43,46,24,47,51,0,0
"64","POU2F1",50,52,51,50,48,52,47,40,0
"65","PPARG",41,41,51,51,35,13,51,48,0
"66","PRDM1",47,50,49,52,42,35,50,42,0
"67","RBPJ",56,53,57,50,50,49,51,53,13
"68","REL",50,53,53,46,52,36,54,42,0
"69","RFX3",46,46,52,49,51,41,51,35,0
"70","RFX7",49,51,49,52,51,47,52,0,0
"71","RFX8",12,13,15,5,15,0,13,8,0
"72","RORA",56,53,49,52,50,41,51,43,0
"73","RUNX1",50,51,49,52,50,47,47,45,0
"74","RUNX2",51,52,50,53,53,36,51,46,0
"75","SMAD3",51,47,49,56,50,40,50,52,0
"76","STAT1",50,56,45,55,49,41,52,51,0
"77","STAT3",27,23,46,34,39,37,27,32,0
"78","STAT4",54,55,52,53,60,48,50,53,10
"79","TCF12",48,50,46,52,46,0,52,45,0
"80","TCF7",50,49,52,49,54,50,52,41,0
"81","TFCP2",50,52,48,52,42,53,52,39,0
"82","TFDP2",44,39,44,45,34,30,45,18,0
"83","TOX",50,53,50,50,47,41,46,53,0
"84","TOX2",48,49,0,48,39,42,50,38,0
"85","TRPS1",53,53,48,49,48,0,51,38,0
"86","TSHZ2",46,53,51,53,0,41,48,47,0
"87","TSHZ3",50,48,0,50,27,0,30,0,0
"88","ZBTB10",50,48,52,52,52,0,49,40,0
"89","ZBTB16",50,44,50,50,50,0,48,37,0
"90","ZBTB20",53,51,52,49,55,49,51,54,0
"91","ZEB1",52,52,50,53,51,0,48,46,0
"92","ZEB2",54,27,54,49,44,42,49,0,0
"93","ZNF292",53,50,47,49,47,46,54,42,15
"94","ZNF331",48,47,49,54,50,46,53,41,0
"95","ZNF367",49,46,48,53,50,43,52,0,38
"96","ZNF407",50,47,47,51,46,0,48,35,0
"97","ZNF438",51,52,47,53,49,0,53,34,0
"98","ZNF585B",23,26,32,24,32,0,19,22,0
"99","ZNF609",51,54,55,56,50,45,54,49,0
"100","ZNF652",50,41,54,36,35,51,47,34,0
"101","ZNF704",7,0,12,10,0,0,12,13,0
"102","ANXA2",6,5,3,1,2,2,2,0,0
"103","ATP1B3",7,1,7,6,4,4,7,2,0
"104","B4GALT5",3,3,2,7,5,5,4,3,0
"105","CAB39L",7,8,6,4,4,4,1,0,0
"106","CD38",6,2,6,6,2,7,6,8,2
"107","CDCA2",1,1,0,0,2,0,1,1,0
"108","CENPE",8,0,1,3,0,0,1,3,0
"109","CNOT6L",8,5,4,7,3,1,4,1,0
"110","DOCK5",2,4,2,0,2,0,1,4,0
"111","DYRK1A",5,2,3,3,6,6,5,3,0
"112","EVI5",4,7,8,6,3,5,6,7,5
"113","FBXL20",4,1,2,3,3,0,2,0,0
"114","FBXO36",2,0,1,0,1,0,0,0,0
"115","GLS",3,6,4,4,5,6,2,2,0
"116","GTDC1",4,3,4,7,3,2,1,2,0
"117","HLA-DRB1",4,4,3,4,5,0,4,1,0
"118","IFNAR2",7,8,4,3,4,3,7,4,0
"119","IL2RA",7,3,7,5,6,6,0,4,3
"120","IMMP1L",3,2,1,2,2,0,2,0,0
"121","KDM2B",4,7,2,3,4,3,4,5,0
"122","KIF21A",5,3,1,2,2,0,3,1,0
"123","MARCH6",3,3,4,1,2,2,2,0,0
"124","MED13L",7,3,4,8,3,4,4,1,0
"125","MORN3",4,0,0,1,0,0,2,1,0
"126","PARP8",2,3,6,7,5,0,2,3,0
"127","PDE4D",6,4,4,6,5,4,3,6,4
"128","PGK1",6,1,1,5,3,2,4,4,0
"129","PIK3C2B",4,4,1,0,3,5,2,1,0
"130","PSME4",8,2,2,3,6,3,5,4,0
"131","RIN3",3,5,7,1,6,4,4,8,0
"132","RPS11",4,3,4,3,0,1,1,3,0
"133","RPS27A",3,3,2,2,0,4,2,1,0
"134","SEC24A",7,4,2,6,7,7,1,4,0
"135","SIK3",4,6,3,4,5,1,6,1,0
"136","SLC4A7",6,4,2,2,3,0,4,4,0
"137","SYNE2",5,4,4,3,5,0,2,1,0
"138","TPD52",2,1,4,1,4,0,3,3,0
"139","WWOX",3,3,1,3,1,1,3,4,0
"140","AFF4",4,6,9,5,4,4,8,1,0
"141","AHCYL2",4,4,0,3,3,2,4,4,0
"142","ATXN1",6,3,6,3,3,1,5,4,4
"143","BCL2",4,3,1,5,6,3,4,6,0
"144","BTG1",6,4,2,6,3,3,3,4,0
"145","CD69",6,3,2,2,4,0,2,2,0
"146","CDK6",3,3,2,3,0,2,3,5,0
"147","EPSTI1",3,3,3,1,1,0,3,2,0
"148","ERN1",4,5,4,4,4,0,4,3,0
"149","GNG2",6,4,2,3,4,3,4,2,0
"150","GRIP1",2,1,1,0,1,0,1,3,0
"151","GZMH",7,0,1,0,3,0,2,0,0
"152","HNRNPLL",4,4,4,7,2,5,5,1,0
"153","ITGA2",4,4,5,3,2,4,3,5,0
"154","KAT2B",5,3,6,7,2,0,4,4,0
"155","LMNB1",4,3,3,2,1,3,2,3,0
"156","LRRC8D",7,4,3,3,0,1,6,3,0
"157","LY75",3,3,6,2,2,3,3,4,0
"158","LYST",3,1,6,7,4,3,4,6,3
"159","MAP3K8",5,5,2,4,6,2,3,3,0
"160","MCTP2",4,2,6,4,2,5,3,3,0
"161","MEGF9",6,5,3,3,6,0,1,1,0
"162","P2RX5",6,9,2,4,5,5,5,4,4
"163","PCED1B",7,6,6,3,5,0,4,4,0
"164","PIK3CD",4,4,2,7,4,3,3,1,0
"165","PLEKHA5",4,0,4,4,2,0,2,1,0
"166","PLIN2",6,5,5,3,7,5,11,4,3
"167","PUM1",1,6,2,2,3,3,2,0,0
"168","RASA3",4,0,4,2,3,0,1,3,0
"169","RERE",7,5,2,2,4,6,6,6,0
"170","RPL37",2,3,3,6,7,3,3,4,0
"171","RPS18",5,3,3,6,5,3,2,6,0
"172","SLC22A23",3,5,0,1,1,0,1,3,0
"173","SRSF7",4,10,4,4,9,3,5,2,0
"174","TMEM173",4,5,3,6,3,3,5,2,0
"175","TSPAN5",5,6,5,1,5,5,5,4,0
"176","UBASH3B",4,0,5,2,3,0,3,0,0
"177","USP12",7,7,5,6,6,4,8,4,0
"178","VAV3",4,3,3,3,2,0,3,4,0
"179","VMP1",5,7,4,4,5,5,4,3,0
"180","ABI1",5,9,2,4,2,5,6,3,0
"181","ARAP2",5,4,6,3,6,5,4,6,0
"182","DICER1",3,2,1,2,0,0,3,0,0
"183","EFCAB11",3,2,1,0,2,0,1,0,0
"184","FNBP1",5,3,3,7,4,3,2,6,0
"185","HDAC8",4,4,3,1,2,4,5,3,0
"186","HSPA1A",1,6,7,5,5,6,1,2,0
"187","LINC00598",5,4,4,2,0,0,5,1,0
"188","MYO5A",4,6,4,6,2,0,3,1,0
"189","NEAT1",8,5,4,6,6,2,2,2,2
"190","PHEX",1,1,0,1,0,0,2,3,0
"191","RAD51B",8,5,1,6,4,5,5,4,0
"192","RALGAPA1",3,4,3,8,1,0,3,1,0
"193","RRAS2",6,4,3,2,8,0,2,2,0
"194","SRSF2",5,7,4,4,2,3,6,1,0
"195","TCEA1",3,2,0,4,3,0,3,1,0
"196","TNFRSF10D",2,2,0,1,0,0,1,1,0
"197","AHI1",8,3,3,3,5,4,4,6,0
"198","ATP1B1",3,2,2,2,0,0,3,2,0
"199","ATP8A1",5,9,8,4,2,3,3,2,0
"200","CD247",4,5,5,6,7,4,5,2,0
"201","CDK14",2,2,2,0,0,5,3,5,1
"202","CPEB3",3,7,3,2,0,0,4,0,0
"203","EIF1",7,3,6,7,5,5,4,4,0
"204","FGGY",3,4,3,3,4,0,2,6,0
"205","FILIP1L",3,1,5,4,2,0,3,1,0
"206","HAVCR2",3,2,4,5,4,5,7,3,1
"207","IARS",2,1,5,4,3,1,3,2,0
"208","IGF1R",6,5,4,2,4,0,1,2,0
"209","IL12RB2",5,1,4,3,6,2,3,2,1
"210","KCNQ5",4,2,1,1,2,7,3,0,0
"211","MARS",3,4,1,3,4,4,3,3,0
"212","MDFIC",2,6,3,1,3,4,4,5,0
"213","PDE7A",5,4,4,9,7,2,5,4,0
"214","PGGHG",2,3,1,2,4,3,3,3,0
"215","PLCL2",5,6,6,7,5,0,8,7,0
"216","PLPP1",6,4,2,4,4,3,6,3,0
"217","PRKCH",7,5,5,6,5,0,7,3,0
"218","RPLP0",5,3,4,3,6,5,3,4,1
"219","SCMH1",3,2,1,2,2,0,7,1,0
"220","SFMBT2",3,5,7,5,5,0,5,4,0
"221","SIRPG",4,4,4,4,1,4,4,3,3
"222","SKA2",4,4,2,3,1,2,2,1,2
"223","SLC2A13",3,4,1,1,2,0,1,1,0
"224","SP140L",5,4,5,3,5,3,5,3,0
"225","STARD9",2,5,3,2,2,0,4,5,0
"226","TBL1X",5,4,6,1,5,3,4,3,0
"227","TUBA1B",5,3,3,4,3,1,2,2,2
"228","VIPR2",4,3,1,0,0,4,2,6,1
"229","VPS54",6,2,5,8,5,5,5,7,0
"230","CAMK2D",8,6,7,9,5,0,8,5,0
"231","CCL4",3,0,0,0,6,0,0,0,0
"232","CDKN2D",3,4,4,2,0,2,3,2,1
"233","CFLAR",3,4,2,6,6,9,5,2,0
"234","CRADD",7,3,1,3,1,3,7,0,0
"235","DOCK10",4,6,6,4,5,6,6,5,0
"236","EZH2",4,4,2,3,3,1,1,1,0
"237","GEM",3,3,2,5,1,2,2,0,0
"238","GLT1D1",1,2,1,0,1,4,1,4,0
"239","GZMB",5,3,4,2,1,1,6,2,0
"240","HMGCR",5,5,5,8,3,4,5,2,0
"241","HSP90AB1",3,2,2,4,4,3,6,2,0
"242","HSPA5",1,3,4,1,4,6,3,3,0
"243","HSPH1",3,2,1,3,1,3,4,0,0
"244","IFNG",7,0,2,0,5,3,3,0,0
"245","KDM7A",3,3,5,5,3,2,5,1,0
"246","KYAT1",2,4,4,5,3,0,2,2,0
"247","LCLAT1",5,2,1,2,0,0,3,5,0
"248","NAPSA",4,7,4,4,0,0,3,1,2
"249","NKG7",6,0,2,1,2,3,4,1,0
"250","PACS1",5,3,8,5,5,5,4,3,0
"251","PAM",8,3,4,5,3,5,5,5,0
"252","PDLIM5",3,1,0,1,0,0,1,0,0
"253","PER1",7,7,6,5,8,2,7,4,0
"254","PPP3CA",2,3,7,2,6,0,5,2,0
"255","PRMT9",6,4,6,6,3,3,5,4,0
"256","RAPGEF2",6,4,2,5,3,5,1,2,0
"257","RNF19A",5,7,4,4,5,3,3,0,0
"258","RPL6",2,7,2,3,6,3,1,3,0
"259","RPP30",5,4,2,2,4,4,4,1,0
"260","RPS24",3,2,3,4,0,3,2,3,0
"261","SERPINB9",8,4,3,6,3,6,5,5,0
"262","SLC3A2",6,4,1,1,3,3,3,1,0
"263","SNHG15",5,5,5,5,3,2,2,5,0
"264","SNX9",4,6,6,5,6,4,4,6,0
"265","TOP2A",3,2,4,4,3,3,2,5,2
"266","TYMP",6,4,2,6,5,5,6,6,0
"267","VAMP2",5,6,3,7,5,2,7,6,0
"268","KPNA2",2,6,1,3,3,3,4,0,0
"269","PTTG1",5,1,3,1,4,0,6,5,0
"270","STIL",4,4,3,4,1,1,3,1,0
"271","ABCB1",4,1,3,2,4,0,1,1,0
"272","ACYP2",6,3,3,3,3,0,4,4,0
"273","ADAM19",4,3,5,3,5,4,2,1,0
"274","ATG7",1,6,2,4,4,0,4,1,0
"275","ATXN7L1",3,5,5,3,2,0,1,4,0
"276","BICDL1",5,4,6,4,5,5,4,2,0
"277","CABLES1",2,2,0,1,0,0,2,3,0
"278","CTLA4",6,1,3,3,5,0,2,2,0
"279","CTNNA1",2,3,4,3,0,0,4,4,0
"280","DPY19L1",3,3,4,2,3,0,2,1,0
"281","EDA",2,0,0,0,0,0,0,0,0
"282","ELL2",7,6,4,6,4,7,4,0,0
"283","ENTPD1",2,4,4,5,3,0,3,4,0
"284","FNDC3B",3,7,3,3,3,3,4,2,0
"285","HBS1L",4,5,6,7,8,3,5,8,0
"286","HSPA9",5,3,2,5,3,3,4,3,0
"287","IFRD1",8,6,5,5,8,5,7,1,0
"288","IL1RN",1,0,0,0,0,0,0,0,0
"289","KIF3A",6,6,3,2,3,0,6,5,0
"290","MAML2",7,6,2,5,5,3,5,5,0
"291","MTUS1",1,0,1,1,0,0,2,1,0
"292","MYO1F",5,3,3,5,2,0,4,2,0
"293","NUS1",4,3,7,3,6,0,4,1,0
"294","PKIA",4,4,5,5,2,0,7,3,0
"295","RPL10",2,3,3,4,3,1,2,2,0
"296","SGCD",1,0,0,0,3,0,0,0,0
"297","SKAP1",4,3,3,8,7,5,3,9,0
"298","SLC2A3",3,3,6,5,6,4,1,5,3
"299","SPATA5",3,2,2,0,2,0,0,2,0
"300","TBXAS1",1,3,1,2,3,0,0,3,0
"301","TMC1",2,3,2,2,0,0,2,1,0
"302","ZBP1",4,0,2,1,5,0,3,2,0
"303","ZFP36",3,5,6,2,5,5,8,2,0
"304","ANKH",5,6,4,2,5,0,3,4,0
"305","CASC4",3,1,2,6,1,0,5,2,0
"306","CCDC146",3,0,1,4,1,0,3,2,0
"307","CD244",1,0,0,0,3,0,0,0,0
"308","CKAP2",3,2,3,1,4,1,1,1,0
"309","DDIT4",4,6,3,7,5,3,6,5,0
"310","DENND2C",1,2,1,2,1,0,2,1,0
"311","DRC7",2,0,1,0,0,0,0,0,0
"312","EPB41",4,7,5,3,2,1,5,7,0
"313","FAM13A",7,4,3,3,5,2,3,2,0
"314","FBXO32",3,5,4,4,1,4,4,1,0
"315","FRMD4B",5,4,3,4,4,3,6,5,1
"316","G2E3",1,2,1,2,2,0,3,0,0
"317","GADD45B",2,3,4,4,3,3,2,2,0
"318","GPR155",3,6,4,2,2,2,2,0,0
"319","HDAC9",1,0,1,0,2,0,2,0,0
"320","HSD11B1",3,2,0,0,0,0,3,0,0
"321","IL7R",4,5,7,6,2,0,0,2,0
"322","INPP5F",3,5,3,5,2,4,1,6,2
"323","LRBA",3,4,5,5,1,1,6,5,0
"324","MAST4",6,4,3,9,4,5,2,3,0
"325","NELL2",2,6,5,4,3,4,1,4,0
"326","NETO2",4,3,4,1,2,0,4,3,0
"327","PCSK5",5,1,3,2,0,5,1,2,0
"328","PDE3B",5,5,4,4,8,4,7,5,0
"329","PEX7",2,1,1,1,0,0,2,1,0
"330","PIF1",1,0,3,1,3,1,2,2,0
"331","PSMA1",6,3,1,4,3,2,4,5,0
"332","PUM2",4,1,2,1,2,2,3,5,0
"333","RDX",5,6,7,6,3,7,5,5,0
"334","SQSTM1",3,1,4,3,1,0,3,3,0
"335","TMCC1",5,1,2,2,1,1,2,2,0
"336","TMEM135",4,4,0,6,3,3,3,3,0
"337","TMEM71",4,4,4,3,4,0,3,0,0
"338","TTC28",4,1,0,1,1,0,3,4,0
"339","VTI1A",4,1,4,5,2,3,1,2,0
"340","EPHA4",1,3,3,1,1,0,2,0,0
"341","HMGCS1",3,4,6,6,4,0,7,3,0
"342","OSBPL1A",0,2,0,0,1,0,1,0,0
"343","SLC38A2",5,4,5,2,2,3,5,2,0
"344","ABL1",2,2,1,3,1,0,4,0,0
"345","ANTXR2",7,5,5,10,2,7,9,5,0
"346","ARHGAP25",3,4,0,3,6,2,5,4,0
"347","ATF7IP2",8,2,5,5,5,4,2,8,0
"348","CDKL5",2,3,0,3,2,0,0,1,0
"349","CENPK",3,3,3,1,3,0,3,1,0
"350","CLIC4",3,3,4,1,0,0,2,2,0
"351","FAM184A",1,0,0,1,1,0,2,0,0
"352","GNA13",5,5,3,2,6,5,8,5,0
"353","HLA-DQA1",3,0,0,5,1,0,2,1,0
"354","IER2",2,4,3,6,3,2,5,0,0
"355","IFNL1",1,0,0,0,0,0,0,0,0
"356","KAZN",2,4,2,2,0,0,4,0,0
"357","KIAA0319L",3,5,4,3,3,5,3,2,0
"358","LDLRAD4",4,4,3,4,6,4,5,5,1
"359","MAP3K4",3,3,4,7,2,5,5,1,0
"360","MBD5",3,3,4,5,1,8,5,5,0
"361","MGLL",1,2,2,0,0,0,2,1,0
"362","PDSS2",1,0,2,2,0,2,2,4,0
"363","PIK3CA",4,3,2,2,2,0,7,2,0
"364","PPFIBP1",1,2,4,1,2,0,3,2,0
"365","PPP1R13B",3,4,2,1,0,0,1,0,0
"366","R3HDM2",2,5,1,4,1,2,7,4,0
"367","RHEBL1",3,1,3,1,6,2,1,0,1
"368","RYR1",4,8,5,2,0,2,3,5,1
"369","SNTB1",3,3,2,3,3,3,4,2,0
"370","STAMBPL1",3,6,6,6,4,9,4,3,0
"371","TBC1D1",4,3,4,0,1,0,4,0,0
"372","TESK2",3,4,3,2,2,3,3,0,0
"373","TSC22D2",3,6,7,3,5,5,3,2,0
"374","ZFYVE28",3,1,2,4,2,3,6,3,0
"375","ZFYVE9",2,4,0,1,0,0,0,1,0
"376","EYS",1,3,0,3,0,0,1,0,0
"377","ALCAM",2,4,1,3,3,0,4,2,0
"378","C11orf65",2,2,6,2,2,3,3,5,0
"379","DTNB",9,3,4,5,5,0,3,3,0
"380","FAM169A",1,0,1,1,0,0,0,2,0
"381","IL18R1",3,0,3,4,2,4,3,4,0
"382","INVS",2,2,0,4,1,3,2,1,0
"383","METTL15",1,5,6,2,2,0,6,0,0
"384","MICAL3",3,4,3,1,1,0,2,0,0
"385","RSAD2",0,0,0,1,0,0,0,0,0
"386","SLCO3A1",7,3,2,2,1,2,5,3,0
"387","ST6GAL1",4,3,4,5,3,5,3,3,0
"388","TBC1D32",0,3,3,3,4,3,2,1,0
"389","AP1S3",1,0,0,1,0,0,0,0,0
"390","BCAR3",3,3,3,7,2,4,3,0,0
"391","BNIP3",4,3,3,1,4,0,3,3,0
"392","CCR7",2,3,4,4,1,3,3,4,1
"393","CDC42BPA",3,2,1,0,0,0,1,1,0
"394","DISC1FP1",1,1,0,0,1,0,0,0,0
"395","ENPP2",0,0,0,0,1,0,0,0,0
"396","ERC1",3,5,6,3,1,4,2,3,0
"397","GNG4",2,4,4,1,1,0,0,3,0
"398","GRAMD1B",3,2,5,2,2,0,2,3,0
"399","GSAP",4,7,2,6,5,4,6,3,0
"400","HERC6",1,0,0,0,0,0,0,1,0
"401","KCTD2",2,4,1,2,0,0,2,3,0
"402","LMO7",1,3,2,3,4,0,3,2,0
"403","LSS",0,2,3,5,1,2,3,5,0
"404","MAPT",0,2,0,0,1,0,0,0,0
"405","METTL8",0,2,1,2,2,0,1,1,0
"406","MTSS1",3,4,3,1,6,4,1,3,1
"407","ODF2L",3,2,2,1,3,0,2,3,0
"408","OLAH",0,2,1,0,0,0,1,1,0
"409","PGM2L1",2,1,1,4,1,0,3,4,0
"410","PTPN22",4,4,6,5,2,2,2,3,0
"411","SERPINE2",0,1,0,1,1,2,2,4,0
"412","SLC9B1",0,0,2,1,1,0,0,3,0
"413","SOCS3",3,2,4,3,2,2,2,6,0
"414","STXBP4",0,1,7,2,0,0,2,1,0
"415","TMPRSS6",1,4,5,3,0,4,3,0,0
"416","TTTY14",1,1,1,0,0,0,4,1,0
"417","WWC2",0,2,0,1,0,0,0,0,0
"418","ANKRD33B",5,2,4,6,2,0,2,0,0
"419","ANLN",2,1,0,1,1,0,3,0,0
"420","CCL5",9,2,6,3,4,5,6,5,3
"421","CD7",8,6,1,4,5,0,3,9,0
"422","CD70",5,3,3,4,1,4,3,0,0
"423","CD9",2,2,4,0,1,0,3,3,0
"424","EIF4A3",2,1,2,2,1,1,2,1,0
"425","ENO1",4,3,6,5,3,4,3,6,2
"426","FNIP2",4,2,7,6,6,5,5,1,0
"427","FTL",8,6,7,5,8,5,7,9,0
"428","GK",8,6,2,6,2,3,2,4,2
"429","GPAT3",3,0,2,1,2,0,1,2,0
"430","GPR183",4,7,2,5,2,2,4,1,0
"431","ITGAL",2,4,3,4,2,1,2,4,0
"432","ITGB1",6,4,5,2,4,0,2,2,0
"433","MAML3",9,6,4,0,3,6,5,6,0
"434","MBNL1",7,1,3,5,6,3,4,2,0
"435","MIPEP",4,1,2,2,2,0,1,0,0
"436","MIS18BP1",5,1,1,4,2,0,3,0,0
"437","OASL",1,1,0,1,1,0,1,1,0
"438","PELI1",4,3,6,7,3,4,9,5,0
"439","PRTFDC1",2,0,1,0,1,0,0,0,0
"440","RASGRF2",4,5,4,2,3,6,4,5,0
"441","S100A6",6,3,8,4,5,4,7,5,0
"442","STAG1",7,1,1,3,1,3,1,3,0
"443","SYTL3",2,5,6,5,6,3,1,1,0
"444","TANC2",4,0,6,4,5,4,4,3,0
"445","TGFBR3",3,3,5,3,2,0,2,1,0
"446","TMSB4X",6,4,6,3,3,2,2,2,1
"447","WSB1",4,5,3,1,6,4,6,2,0
"448","YEATS2",4,1,1,5,3,3,2,5,0
"449","ZNF630",7,6,3,3,2,4,3,4,0
"450","ARHGAP15",2,6,2,3,4,3,4,5,0
"451","ATP10A",7,4,7,2,5,2,4,6,0
"452","CAMK4",7,6,5,1,7,5,4,5,0
"453","CASK",2,3,3,2,1,0,3,1,0
"454","CLDN11",3,5,6,2,2,5,3,2,1
"455","CLIC3",2,3,3,6,1,0,1,6,2
"456","DOCK7",3,3,6,3,1,0,1,1,0
"457","FBXL17",3,5,3,6,5,4,2,6,1
"458","GNAQ",4,8,4,7,3,0,5,5,0
"459","GPI",7,2,4,3,1,4,1,2,2
"460","HS2ST1",4,4,3,5,4,3,2,3,0
"461","IFT80",5,1,2,2,2,0,3,1,0
"462","JMY",5,2,2,6,4,5,4,0,0
"463","LAYN",2,3,1,0,2,2,4,2,0
"464","PELI2",2,0,1,1,1,0,1,0,0
"465","PRIM2",2,1,5,0,2,0,2,2,0
"466","PRKCA",4,3,6,5,8,2,1,7,0
"467","RPS6KA5",3,5,5,6,0,0,1,5,0
"468","SCD",3,3,3,7,6,4,2,3,1
"469","SP110",6,6,1,9,3,6,3,7,0
"470","SYTL2",3,4,8,8,4,5,6,5,0
"471","TMOD1",3,1,4,2,2,0,3,0,0
"472","TXK",3,5,2,2,6,2,2,1,0
"473","VWA8",6,3,3,4,3,4,5,4,0
"474","XYLT1",5,7,8,9,5,5,4,5,0
"475","ZRANB2-AS2",1,0,1,0,0,0,0,0,0
"476","A2M",3,3,8,4,1,3,4,2,0
"477","BAZ2B",2,3,2,1,2,0,2,3,0
"478","CHD9",3,7,3,5,4,5,7,5,0
"479","H1FX",4,4,4,3,4,0,5,0,0
"480","IFT88",0,3,2,2,2,0,2,3,0
"481","IL32",3,4,2,3,5,2,5,6,1
"482","KIFC3",2,0,1,2,2,0,0,0,0
"483","PCAT1",1,1,1,0,0,0,0,0,0
"484","PIK3R3",0,0,1,1,0,0,0,1,0
"485","PLK1",0,2,1,2,0,0,3,0,0
"486","PTPRJ",4,5,3,4,2,1,2,6,0
"487","SCAI",2,7,2,1,0,0,1,1,0
"488","SCML4",5,5,4,2,4,5,1,4,0
"489","SDCCAG8",1,0,2,3,2,4,3,4,0
"490","TRIO",1,3,1,2,1,0,2,5,0
"491","UBB",3,7,7,5,1,4,1,2,0
"492","AP3B2",1,0,0,0,0,0,0,0,0
"493","ARG2",3,2,5,0,0,1,4,2,0
"494","BLM",2,2,1,1,4,2,7,0,2
"495","CALM2",4,3,2,3,2,4,4,3,0
"496","CD58",6,8,5,2,3,4,2,2,0
"497","CD74",7,1,5,6,5,5,5,3,0
"498","DLG2",4,1,1,4,1,0,5,4,0
"499","DNAJB1",2,1,2,4,1,4,1,1,0
"500","FTH1",5,2,6,3,4,5,7,9,0
"501","HLA-DPB1",4,0,0,3,2,0,3,2,0
"502","HMSD",5,4,4,1,3,0,0,0,0
"503","LPP",7,7,7,5,4,4,7,5,0
"504","MT2A",6,5,2,1,3,2,4,1,0
"505","NAMPT",5,3,3,3,3,2,4,3,0
"506","PIM3",4,6,3,2,2,2,5,1,0
"507","PPP4R4",1,4,2,0,0,0,0,0,0
"508","PTK2",3,7,3,2,3,2,1,5,0
"509","RPS6KA2",3,1,1,3,2,1,5,3,0
"510","RUNDC3B",1,0,0,0,0,0,1,1,0
"511","S100A4",4,4,3,6,4,0,5,6,0
"512","SAMHD1",4,4,1,4,2,0,1,2,0
"513","SESN2",1,2,4,1,3,3,6,2,0
"514","SGO1-AS1",3,2,1,0,0,0,0,0,0
"515","SLC7A5",6,3,5,5,3,3,2,0,0
"516","TMEM120A",6,1,0,2,2,0,2,3,0
"517","WDR62",3,0,0,1,0,1,2,0,1
"518","ST3GAL3",3,3,2,1,1,1,3,0,0
"519","BTBD9",2,4,3,4,1,3,2,4,0
"520","FAM171A1",5,2,1,1,1,0,0,1,0
"521","LRRFIP2",4,3,3,9,3,3,4,3,0
"522","TTTY10",2,0,1,1,0,0,0,0,0
"523","ABL2",4,2,2,1,3,0,2,2,0
"524","ACSL4",7,3,7,5,2,0,5,1,0
"525","AGPAT4",6,2,4,4,4,0,3,0,0
"526","AMN1",2,3,4,4,3,3,1,0,0
"527","ATAD5",3,2,4,4,3,2,2,0,1
"528","CAMKMT",6,6,2,5,1,5,6,4,0
"529","CCDC18",3,1,1,1,2,0,3,3,0
"530","CCL3",4,0,3,1,7,1,1,0,0
"531","CEP70",1,2,5,0,1,2,4,0,1
"532","HIST1H2BD",2,1,5,3,1,0,5,3,0
"533","IGF2BP2",2,0,0,1,5,0,0,0,0
"534","IKBIP",1,3,2,2,1,1,1,0,0
"535","LIN52",3,2,3,1,3,0,2,0,0
"536","NIM1K",2,2,0,4,1,0,1,3,0
"537","NIPAL2",1,0,1,0,2,0,0,0,0
"538","NMB",3,0,0,1,0,1,3,0,0
"539","OPTN",5,1,6,2,4,0,6,2,0
"540","OSBP2",3,3,4,3,2,3,3,2,0
"541","PCNA",4,3,1,1,2,2,2,2,1
"542","PECAM1",5,2,3,0,3,3,4,0,0
"543","PIGN",8,3,4,6,3,5,8,0,0
"544","PRKCE",3,4,5,3,2,0,1,0,0
"545","SRBD1",2,2,4,2,3,2,3,4,0
"546","TPX2",4,2,2,4,3,1,2,2,1
"547","UBE2C",3,0,3,0,0,1,4,0,0
"548","UBE2S",4,3,3,2,1,1,3,2,1
"549","UPB1",1,0,1,0,0,0,1,1,0
"550","ACOT7",2,1,2,1,2,0,1,2,0
"551","ADGRG5",1,3,5,1,3,0,2,0,0
"552","ATP9A",3,2,1,2,1,0,0,2,0
"553","BTBD11",7,10,7,7,7,5,10,7,0
"554","CAMK1D",3,1,4,5,3,0,4,2,0
"555","CLYBL",2,2,4,2,4,0,2,1,0
"556","COMMD10",2,3,3,2,2,0,0,0,0
"557","DUSP4",6,6,5,5,0,4,3,10,3
"558","HLCS",3,2,3,2,1,0,5,3,0
"559","JPX",2,3,3,0,0,0,0,0,0
"560","LUCAT1",2,0,4,3,1,1,2,1,0
"561","LYN",7,1,5,0,2,2,1,1,0
"562","MICAL2",4,3,5,2,2,0,1,2,3
"563","MYO1D",6,2,3,4,1,0,4,1,0
"564","MYO9A",3,7,2,7,3,3,2,2,0
"565","NCAPH",4,1,4,6,3,2,5,0,0
"566","NRP2",2,0,1,0,0,0,1,3,0
"567","NT5DC1",3,3,3,3,2,0,2,4,0
"568","PALLD",1,0,3,3,2,6,2,1,0
"569","PCNX2",5,4,5,4,6,3,4,4,0
"570","PTMA",4,3,3,5,1,1,5,2,2
"571","RGCC",3,4,1,5,1,3,5,3,0
"572","SLC39A11",4,0,1,1,0,2,4,4,0
"573","STARD7",3,5,4,2,6,2,6,2,0
"574","TDRD3",3,1,1,4,1,0,2,2,0
"575","TNFRSF4",4,5,4,1,3,5,2,5,0
"576","LINC01619",5,3,5,7,3,3,6,4,0
"577","MCOLN2",3,6,1,5,3,3,4,0,0
"578","MGAT5",1,2,4,4,4,4,2,6,0
"579","MOB3B",1,0,1,2,2,0,0,0,0
"580","PLAC8",4,4,2,1,2,1,3,3,0
"581","POLH",6,3,6,4,3,1,2,0,0
"582","SLC38A9",5,4,1,4,5,0,6,5,0
"583","ACBD6",3,2,0,2,1,0,2,4,0
"584","ACTB",2,4,4,7,3,0,3,1,0
"585","ARRDC3",3,1,3,3,3,0,2,3,0
"586","CDC14A",5,3,9,7,4,5,3,4,0
"587","CDYL2",1,3,2,5,1,5,2,3,0
"588","CYP1A1",1,2,0,0,2,0,2,0,0
"589","ENOSF1",3,0,1,2,3,2,4,3,0
"590","FDFT1",2,3,3,2,0,2,4,0,0
"591","GAPDH",6,3,4,7,3,2,3,3,3
"592","LEKR1",1,2,1,2,2,0,1,3,0
"593","MAN1C1",3,8,3,2,1,5,3,5,0
"594","MTAP",3,5,4,6,5,0,2,0,0
"595","NEO1",1,1,1,1,1,0,1,1,0
"596","NRCAM",6,0,2,1,1,0,1,2,0
"597","PABPC1",2,3,3,3,1,1,2,2,0
"598","PFN1",4,8,3,2,5,6,4,2,0
"599","PHLPP1",6,5,3,9,3,0,7,2,0
"600","RANBP9",4,4,4,7,4,1,5,2,0
"601","SKAP2",2,2,3,0,2,0,2,4,0
"602","TRIM44",3,1,1,0,0,0,0,0,0
"603","TSC22D3",6,6,4,2,4,3,2,2,0
"604","UMAD1",6,5,2,2,5,4,1,2,0
"605","XKR6",3,1,5,2,4,6,2,2,0
"606","ARRDC3-AS1",1,0,0,1,0,0,1,0,0
"607","ATP2B1",5,7,5,3,2,5,7,1,0
"608","AURKB",2,3,2,4,1,1,3,1,0
"609","BCAT1",1,5,3,0,4,2,1,0,0
"610","CARD14",2,1,3,1,1,0,3,0,0
"611","CASC3",6,6,5,1,3,3,7,4,0
"612","CENPF",2,2,1,2,3,0,3,2,0
"613","CPD",5,4,4,5,7,1,6,2,0
"614","DENND5A",5,2,3,3,1,4,2,2,0
"615","EPB41L3",1,1,1,0,2,0,0,1,0
"616","EXOC4",4,2,4,4,1,0,5,5,0
"617","EXOC6",2,2,0,2,1,0,1,2,0
"618","FCHSD2",4,6,4,7,5,5,2,2,0
"619","HERC5",4,1,2,2,2,0,2,0,0
"620","MAP3K5",5,5,1,6,7,2,4,5,0
"621","MKI67",3,1,5,4,5,1,3,2,1
"622","NFX1",4,6,6,3,5,6,7,0,0
"623","PPP1R15A",3,3,5,6,4,4,3,2,0
"624","RNF19B",3,1,5,2,5,6,4,1,0
"625","SLC16A7",4,4,4,8,3,0,2,1,0
"626","ZC3HAV1",1,2,11,1,2,0,4,2,0
"627","ZNRF1",3,4,7,5,2,6,1,2,0
"628","AFAP1",2,4,3,4,0,0,3,4,0
"629","C4orf47",2,3,2,2,3,0,2,2,0
"630","DMGDH",2,1,5,1,2,1,3,2,0
"631","EGLN3",3,3,2,1,0,0,6,0,0
"632","FAM102B",2,3,4,4,3,0,3,2,0
"633","FAM222B",3,1,4,2,0,2,3,3,0
"634","FBXO42",3,6,3,3,4,0,3,0,0
"635","GMNN",2,4,8,4,5,3,5,1,1
"636","HIST1H4C",4,3,2,5,3,1,4,4,0
"637","KIF15",0,3,3,3,0,3,2,2,1
"638","KIF1B",3,2,3,0,1,5,4,0,0
"639","KIF2C",1,2,3,3,2,1,2,2,1
"640","LINC00944",2,1,2,0,0,0,2,0,0
"641","MAP3K2",3,4,1,4,6,4,3,1,0
"642","MIR155HG",3,1,3,2,4,0,5,4,0
"643","MPZL3",3,5,6,4,4,2,8,1,0
"644","RNF213",3,4,6,3,1,3,1,1,0
"645","STMN1",3,3,1,3,3,1,3,3,1
"646","TIGIT",3,1,2,1,1,0,4,3,0
"647","TNIP3",1,2,3,2,5,4,3,1,2
"648","VPS26A",3,5,4,4,4,5,7,0,0
"649","ZC3H3",2,4,3,1,2,1,1,1,0
"650","CCDC18-AS1",4,4,2,1,3,1,2,0,0
"651","CDK19",3,6,3,2,3,1,4,3,0
"652","DENND4C",1,2,2,6,5,0,3,4,0
"653","DNAJC1",4,10,5,3,3,0,0,7,0
"654","FBXO5",3,1,3,3,4,3,0,0,1
"655","GLCCI1",8,5,6,9,6,7,8,6,0
"656","ITFG1",8,6,4,10,5,4,6,4,0
"657","ITGA4",4,4,7,6,5,8,8,5,4
"658","ITPR2",5,3,3,4,3,4,5,5,0
"659","KIF20B",2,2,2,3,3,0,3,1,0
"660","KLHL5",7,5,3,8,2,5,6,7,0
"661","LEF1-AS1",1,1,1,1,0,0,5,4,0
"662","LGALS1",6,4,8,5,7,4,7,11,2
"663","LRMP",5,6,2,1,6,4,4,4,0
"664","MIR3142HG",4,9,3,3,3,7,4,6,0
"665","MPP7",5,2,2,5,1,0,2,1,0
"666","PLCG2",4,7,4,4,3,2,2,3,0
"667","PLXNC1",3,3,3,2,9,6,4,6,0
"668","RABGAP1L",7,1,7,9,6,5,5,5,0
"669","RNF24",4,6,1,4,3,2,3,2,0
"670","SLC9A9",2,3,4,8,5,0,2,1,0
"671","SMYD3",5,4,6,5,5,2,4,5,0
"672","THEMIS",5,4,4,5,8,6,4,2,0
"673","TIAM2",3,2,1,1,2,0,7,2,0
"674","TMEM156",4,4,3,7,1,7,7,6,4
"675","TNIK",5,5,3,6,2,3,6,5,0
"676","TPT1",5,4,6,7,8,4,4,7,0
"677","ZNF235",3,3,2,2,5,4,3,7,0
"678","ADAM23",2,2,2,3,0,0,1,2,0
"679","ALPK1",2,1,2,3,2,2,3,7,0
"680","B2M",4,3,2,5,5,3,4,3,0
"681","DPP4",4,2,6,1,4,3,7,1,0
"682","DPYD",6,6,5,7,8,5,3,3,0
"683","EGOT",3,7,4,2,0,0,5,1,0
"684","EML2-AS1",3,3,3,4,0,0,2,0,0
"685","GZMA",4,1,4,1,7,0,3,1,0
"686","INO80",2,5,3,5,2,2,2,3,0
"687","MARCH3",4,4,3,5,6,0,5,2,0
"688","PDE4B",3,3,2,3,3,4,2,2,0
"689","RAB11A",3,3,5,4,1,3,3,3,0
"690","RHBDF2",4,1,1,4,1,2,1,1,0
"691","RPL37A",4,5,4,5,3,2,3,4,0
"692","RPS26",2,3,5,1,3,4,3,3,0
"693","RPS29",4,3,6,4,6,3,5,5,0
"694","SCAPER",3,3,5,3,1,1,6,3,0
"695","SESTD1",1,3,3,1,1,0,4,0,0
"696","SRPK2",3,5,1,3,4,0,5,4,0
"697","TIPARP",4,3,7,5,3,2,5,2,0
"698","TMEM163",2,0,0,0,2,0,2,0,0
"699","WAC",3,2,2,3,2,2,2,1,0
"700","ZMYM4",5,2,4,3,2,2,4,5,0
"701","BICD1",2,3,3,2,2,0,4,4,0
"702","CKS2",4,3,4,0,2,3,3,1,1
"703","CST7",3,1,2,0,2,0,3,1,0
"704","DLEU1",7,5,6,7,10,5,4,5,0
"705","EXT1",4,5,3,2,7,4,5,4,0
"706","GPHN",3,3,4,3,0,0,4,0,0
"707","IL1A",3,1,2,4,1,0,5,0,0
"708","LINC00862",2,2,4,3,1,2,1,2,0
"709","MTMR8",2,5,2,0,1,0,4,2,0
"710","NPEPPS",5,4,3,7,3,5,5,1,0
"711","P4HA1",2,3,1,6,4,2,5,2,0
"712","PEX26",2,2,3,3,5,0,8,1,0
"713","RAB8B",5,5,3,2,2,5,5,4,0
"714","SORBS3",1,1,0,2,1,0,0,2,0
"715","ULK2",1,2,3,4,0,0,1,2,0
"716","ZNF365",2,2,1,1,1,0,0,0,0
"717","ADK",4,3,3,3,1,3,0,4,0
"718","BUB1",1,1,0,0,1,0,4,1,0
"719","CCDC91",6,6,5,3,9,6,5,3,0
"720","CCND3",3,6,2,2,2,0,2,5,0
"721","CD83",3,2,3,2,4,0,2,2,0
"722","CD96",4,2,6,4,5,2,6,5,1
"723","CECR2",2,1,0,1,0,0,0,2,0
"724","CERS6",2,4,2,2,5,0,3,6,0
"725","CHD6",2,2,6,2,3,3,2,3,0
"726","CSGALNACT1",2,2,2,2,1,2,5,3,0
"727","DIAPH3",3,3,3,2,3,2,5,0,0
"728","DNAJC9",1,2,2,3,1,2,1,2,0
"729","DUSP1",5,2,3,2,4,1,3,0,0
"730","EXOC6B",4,3,1,3,2,2,3,2,0
"731","FGFBP2",3,1,0,0,1,0,2,0,0
"732","FUT8",3,5,3,5,2,4,3,4,0
"733","LDAH",4,0,1,3,0,0,0,1,0
"734","MMS22L",1,0,0,1,2,0,1,0,0
"735","PEAK1",4,6,5,3,4,0,6,3,0
"736","PLCL1",2,4,1,4,1,5,4,5,0
"737","RAB3GAP1",6,4,3,4,4,0,4,3,0
"738","RPLP2",2,3,1,5,5,1,2,5,0
"739","RPS6",2,6,2,1,5,3,1,3,0
"740","RPS8",3,1,5,5,8,2,3,4,0
"741","SELL",4,6,1,4,4,0,1,6,0
"742","SH2B2",1,2,0,1,0,0,1,0,0
"743","SIAH3",2,1,1,2,1,0,0,1,0
"744","ZC4H2",2,0,4,4,4,0,1,2,0
"745","ABHD3",2,3,6,2,2,2,3,0,0
"746","ADAM9",4,4,4,2,2,4,4,1,0
"747","ARL8B",4,4,1,3,2,1,5,1,0
"748","ASPM",2,2,2,1,2,1,3,3,1
"749","BMPR1A",6,4,1,1,1,0,4,3,0
"750","CA6",2,0,2,0,0,0,3,1,0
"751","CKS1B",3,2,2,2,8,2,2,1,1
"752","CTSW",2,0,4,0,2,0,1,0,0
"753","DDB2",4,2,5,4,1,2,4,2,0
"754","GALC",2,3,8,4,7,0,4,3,0
"755","IER3",1,3,2,4,5,2,6,1,0
"756","INSIG2",2,2,8,2,2,3,4,3,2
"757","NFKBIA",4,1,5,5,4,4,4,4,0
"758","PHACTR2",5,4,6,7,4,4,3,5,0
"759","RAD21",3,7,4,4,4,3,3,3,0
"760","SNX4",3,4,1,4,3,2,2,2,0
"761","TPI1",1,0,4,4,2,2,3,3,0
"762","ULK4",2,2,3,4,2,0,3,3,0
"763","WDR76",3,2,4,3,5,2,2,1,0
"764","STRIP2",5,3,5,2,5,6,2,2,0
"765","AOAH",7,8,1,5,10,5,4,2,0
"766","ARHGAP26",4,6,4,5,3,0,4,1,0
"767","ATP8B4",3,5,2,3,3,7,4,3,0
"768","CYP1B1",2,1,2,0,2,4,2,2,1
"769","DUSP2",3,6,3,2,5,1,1,5,0
"770","EML4",6,1,5,1,4,2,1,7,0
"771","ENPP3",3,1,2,0,3,0,2,2,0
"772","H2AFZ",4,4,2,4,3,4,1,2,0
"773","HERC3",2,1,3,4,1,3,2,3,0
"774","HMMR",3,0,2,1,2,2,3,0,0
"775","KIF18A",2,0,1,3,1,0,3,0,0
"776","KNTC1",1,2,1,0,0,0,0,1,0
"777","LPIN2",5,2,5,5,6,4,5,5,1
"778","MYO6",1,1,1,0,1,0,0,0,0
"779","PZP",3,5,0,4,0,0,0,0,0
"780","RNGTT",4,2,2,1,1,0,0,2,0
"781","SUMF1",3,5,2,4,0,0,3,2,0
"782","TC2N",4,1,5,7,3,0,1,1,0
"783","AKAP7",1,5,3,1,0,0,3,1,0
"784","CCDC171",2,0,2,0,3,0,0,2,0
"785","CDHR3",2,2,2,0,0,0,0,3,0
"786","CEACAM1",2,4,5,4,0,3,5,4,0
"787","GLIPR1L2",1,1,0,0,1,0,0,0,0
"788","GRK3",3,2,4,4,2,0,3,0,0
"789","H1F0",2,1,1,2,3,0,0,2,0
"790","IRAK2",3,3,2,1,3,0,5,2,0
"791","KIAA1324",4,4,1,1,1,0,1,2,0
"792","NSUN7",2,1,0,0,2,0,1,0,0
"793","PATJ",2,3,4,3,2,0,2,2,0
"794","RNF157",4,0,5,4,2,0,3,1,0
"795","RTKN2",1,6,3,2,2,0,4,1,0
"796","TASP1",2,3,1,2,2,0,1,1,0
"797","TBCK",1,3,2,3,0,0,2,0,0
"798","TTN",4,1,1,2,3,1,3,4,0
"799","WDR63",1,2,1,0,4,0,2,1,0
"800","LRRN3",1,1,2,1,1,3,6,2,0
"801","MSRA",1,1,2,3,0,0,2,3,0
"802","P2RX7",3,1,2,1,3,0,2,1,0
"803","PVT1",2,3,5,8,4,2,6,0,0
"804","RBMS3",3,1,4,4,3,5,4,5,0
"805","SAT1",3,7,8,4,9,2,7,5,0
"806","STAU2",2,5,1,1,4,1,5,2,0
"807","ARL15",2,5,2,6,3,0,1,2,0
"808","ARL4D",1,0,1,1,1,0,0,2,0
"809","DIRC3",2,3,1,0,0,0,3,3,0
"810","FNBP1L",2,2,2,0,1,4,2,1,0
"811","GADD45A",4,2,4,3,2,5,4,2,0
"812","HPD",1,0,0,1,0,0,0,0,0
"813","LTA",3,6,3,2,4,3,7,3,0
"814","MTHFD1L",3,0,4,4,4,1,1,1,0
"815","OLFM2",1,4,0,1,0,0,1,3,0
"816","PIP5K1B",3,4,4,0,0,2,3,1,1
"817","RFFL",3,2,1,3,5,0,3,2,0
"818","RMDN2",3,1,3,0,0,0,1,1,0
"819","SLC35F3",2,2,2,3,1,3,2,3,0
"820","SRGN",5,4,5,3,2,2,4,3,0
"821","STK3",1,0,2,0,0,3,3,1,0
"822","TNF",3,1,4,3,2,3,3,1,0
"823","TNFRSF9",4,1,1,4,3,4,5,3,0
"824","TRIB3",1,3,0,3,0,1,2,1,0
"825","ZC3H12D",2,4,5,7,2,5,5,4,0
"826","ZCCHC7",2,4,5,0,1,1,2,6,0
"827","HIST1H2BJ",5,9,2,2,4,8,5,1,0
"828","ANKRD37",1,4,3,4,1,2,1,1,0
"829","CCNL1",3,5,3,3,3,6,3,3,0
"830","DENND1A",3,1,3,2,1,0,4,4,0
"831","DENND4A",4,5,0,2,4,6,5,7,0
"832","DHRS7B",4,1,1,0,1,0,3,0,0
"833","DIP2C",2,0,2,0,0,0,1,1,0
"834","EEF1A1",4,6,4,2,2,2,0,8,0
"835","FHIT",3,5,4,3,1,4,7,7,0
"836","JARID2",5,5,2,3,6,3,5,2,0
"837","MAP2K6",3,3,3,2,2,0,0,1,0
"838","MLLT3",3,4,5,9,8,1,3,3,0
"839","PIGK",2,2,6,1,0,0,2,0,0
"840","PPP1R2",4,3,4,2,3,5,7,7,0
"841","RPS15A",4,3,1,4,6,2,3,2,0
"842","RPS2",2,2,0,5,4,2,1,5,0
"843","TANGO6",2,2,2,0,3,0,2,5,0
"844","THADA",3,5,2,3,3,3,5,4,0
"845","XCL1",1,0,2,1,3,0,1,3,0
"846","AKT3",3,4,6,5,6,1,5,4,0
"847","ANK3",3,2,3,2,3,3,4,2,0
"848","APOLD1",4,4,4,6,1,2,2,4,0
"849","C8orf37-AS1",2,1,3,4,0,0,2,0,0
"850","CMSS1",3,3,1,0,3,0,4,1,0
"851","DNM3",2,5,3,2,3,0,4,4,0
"852","FYN",3,3,1,7,4,1,1,6,0
"853","H3F3B",2,4,6,5,2,5,4,4,0
"854","IMMP2L",2,3,5,3,4,7,2,0,0
"855","LINC00467",2,1,2,1,1,0,2,1,0
"856","LINC00886",5,4,3,6,2,0,3,6,1
"857","NEK11",2,1,0,0,0,0,0,0,0
"858","SAMD3",2,0,5,0,6,0,1,2,0
"859","SUCLG2",6,4,3,4,4,5,1,1,0
"860","SUCLG2-AS1",2,3,3,4,0,1,2,1,0
"861","TEX14",2,5,2,0,4,0,8,1,0
"862","TMTC2",4,4,5,3,1,2,2,1,0
"863","TRAPPC9",2,4,5,1,2,4,8,2,0
"864","TUBB",2,2,4,0,2,3,2,3,1
"865","ZCCHC14",3,1,2,1,2,0,1,2,0
"866","ABLIM1",6,4,3,2,5,5,4,5,0
"867","AGTPBP1",4,4,5,5,2,0,2,3,0
"868","AIM2",2,3,1,5,3,0,4,1,0
"869","ATG10",5,4,5,3,3,4,6,2,0
"870","CD200",1,2,0,1,0,0,2,0,0
"871","FAM3C",5,7,6,2,4,0,4,2,0
"872","GADD45G",2,2,1,4,2,3,4,1,0
"873","GCNT2",1,2,1,0,1,0,2,2,0
"874","KLF12",6,5,9,5,2,7,4,7,0
"875","NUBPL",2,4,1,2,2,0,6,1,0
"876","PTPRM",1,5,4,4,2,3,2,2,0
"877","SAMSN1",8,5,7,3,6,5,3,5,0
"878","TXNDC16",4,3,1,3,4,0,0,1,0
"879","ATM",6,5,8,9,6,9,10,4,0
"880","CDC25C",2,0,1,2,4,1,4,0,0
"881","CLSPN",2,2,1,2,3,3,2,1,2
"882","DZIP3",3,5,1,1,2,3,2,0,0
"883","ERCC8",1,1,0,0,0,0,0,0,0
"884","HLA-DQA2",1,2,1,3,4,0,2,1,0
"885","HSPA8",2,2,3,4,1,3,5,2,0
"886","KIAA1324L",1,2,5,4,0,0,3,1,0
"887","MCU",4,1,2,3,1,0,1,1,0
"888","MICU3",1,1,1,1,2,0,0,0,0
"889","MPP6",3,1,2,2,0,0,3,1,0
"890","NCAPG",2,4,2,0,3,3,3,1,2
"891","NCAPG2",2,2,1,3,1,1,1,0,1
"892","NEIL3",3,3,1,1,1,2,2,2,2
"893","NRIP1",5,7,3,2,7,6,4,3,0
"894","PDE7B",3,7,3,2,1,1,0,4,0
"895","PRR11",2,2,2,3,3,2,0,1,1
"896","PTPRK",1,1,1,2,1,0,2,0,0
"897","REV3L",1,5,1,3,4,0,5,4,0
"898","SCFD2",1,0,1,2,1,4,2,3,0
"899","SIPA1L2",1,1,1,0,1,0,1,0,0
"900","SSBP2",7,2,3,5,5,2,2,3,0
"901","TUBB4B",2,3,2,1,0,1,2,1,1
"902","UBE2E3",1,2,2,3,0,0,0,0,0
"903","ARL6IP1",2,5,5,2,3,2,4,2,1
"904","ATAD2",4,3,3,3,4,2,4,0,1
"905","BRIP1",2,1,0,1,0,2,4,2,1
"906","CCDC141",4,7,0,2,2,4,4,4,0
"907","CDC20",1,5,1,2,4,1,1,3,1
"908","CNNM2",3,2,1,4,0,0,4,1,0
"909","FANCC",1,1,2,1,4,0,1,3,0
"910","GPR157",1,4,1,4,0,0,6,4,0
"911","HELLS",4,0,1,1,5,0,7,0,0
"912","HIST1H3H",2,0,2,0,1,4,1,2,0
"913","KIF14",2,3,1,1,1,2,3,1,2
"914","KIF20A",1,2,0,3,2,1,2,0,1
"915","KIF23",1,3,0,0,4,3,3,2,1
"916","KNL1",3,2,0,0,1,0,2,0,1
"917","MBOAT2",3,1,2,0,0,0,1,1,0
"918","NCAPD3",2,3,1,3,2,3,1,0,0
"919","POLA1",1,1,0,2,2,0,3,2,0
"920","RACGAP1",3,2,2,3,4,2,2,3,1
"921","RPS12",3,4,1,3,2,4,2,7,0
"922","RYK",4,3,3,4,7,0,1,1,0
"923","TPK1",3,2,1,4,2,0,4,1,0
"924","USP37",1,3,7,4,4,0,3,1,0
"925","BUB1B",3,4,1,0,4,1,0,4,0
"926","CADM1",6,0,1,0,2,0,2,0,0
"927","CAMSAP2",1,3,3,3,2,0,2,5,0
"928","CDK1",3,4,0,1,2,2,2,0,2
"929","ECT2",4,2,1,3,2,0,3,0,0
"930","EHD1",2,3,3,3,1,3,5,2,0
"931","FAM102A",2,3,3,3,3,0,5,2,0
"932","FAM49A",2,0,1,2,3,0,0,0,0
"933","FTX",3,6,7,4,3,0,1,4,0
"934","HLA-DRB5",2,1,0,3,1,0,2,0,0
"935","IQCG",3,2,4,3,2,0,2,2,0
"936","KIF11",1,2,2,3,1,1,1,2,1
"937","PARPBP",2,2,2,2,2,0,1,0,0
"938","PDCD4",4,9,7,4,6,6,7,8,0
"939","PLEKHG1",2,3,3,0,4,0,1,1,0
"940","PTMS",3,1,2,2,3,0,2,2,0
"941","RRM2",2,2,2,3,3,3,1,1,2
"942","SIPA1L1",4,5,5,5,4,4,1,6,0
"943","SRGAP3",1,4,0,2,3,0,1,4,0
"944","TRIM59",4,2,0,4,1,3,1,3,0
"945","VKORC1L1",2,4,1,2,1,0,3,1,0
"946","GPD2",2,6,4,6,5,5,2,4,0
"947","AC022182.1",1,1,0,0,1,0,2,4,0
"948","CLIP2",0,0,2,0,1,0,0,0,0
"949","CLNK",0,2,1,0,0,0,0,2,0
"950","COMMD1",2,2,5,1,1,0,2,1,0
"951","FAM117B",5,3,2,3,1,0,2,1,0
"952","GALM",3,5,4,4,3,4,2,2,0
"953","HIST1H2BN",2,3,3,3,3,3,4,1,0
"954","IFITM3",1,2,2,2,3,0,4,1,0
"955","IL4I1",1,0,2,3,3,2,0,0,0
"956","LINC00299",1,1,1,1,2,0,2,1,0
"957","LINC01184",2,1,2,3,1,0,3,2,0
"958","LINC01281",1,2,0,1,0,0,1,2,0
"959","PREX1",2,6,3,3,3,4,5,3,0
"960","RGS16",4,2,1,4,2,2,3,2,0
"961","SLX4IP",2,2,3,5,1,0,3,5,0
"962","TPST1",3,1,1,0,3,0,3,1,0
"963","ZDHHC14",1,3,6,4,2,3,6,3,0
"964","TXNIP",3,1,5,3,0,4,8,3,0
"965","BZW1",3,6,6,3,4,5,4,0,0
"966","C1orf21",3,0,2,0,3,0,0,0,0
"967","CCNA2",2,4,1,2,2,3,1,2,2
"968","CSF2",2,1,3,3,3,0,5,1,0
"969","DHX9",1,2,4,3,3,3,2,1,0
"970","DLEU7",2,3,2,3,0,0,0,0,0
"971","EHBP1",3,6,3,4,2,2,2,2,0
"972","FAF1",4,2,6,2,3,0,4,3,0
"973","FAM228B",1,2,2,2,1,0,0,2,0
"974","KLRG1",2,2,3,1,1,5,2,2,0
"975","LINC01229",3,4,3,4,1,5,7,0,0
"976","NCKAP1",2,3,0,2,0,4,3,2,0
"977","OPRM1",4,0,0,0,3,0,3,0,0
"978","PDK1",1,4,5,2,3,3,3,2,0
"979","PLEK",2,2,0,0,2,0,0,0,0
"980","PPM1L",1,1,3,4,2,0,1,2,0
"981","RHOB",1,2,0,2,1,0,2,1,0
"982","SQLE",1,1,3,2,1,0,4,3,0
"983","TNFSF13B",1,1,1,2,0,0,1,0,0
"984","TNFSF9",2,0,2,0,2,2,0,0,0
"985","TTK",2,1,3,1,3,3,3,1,1
"986","VPS8",4,3,3,4,2,3,2,3,0
"987","CTH",6,3,5,2,3,4,3,1,0
"988","GANC",2,1,4,3,4,2,0,2,0
"989","GARS",4,3,6,4,3,0,4,4,0
"990","KCNK10",1,0,0,0,0,0,0,0,0
"991","LAMP3",1,0,1,1,1,0,0,0,0
"992","MAGI3",1,3,2,3,1,0,2,1,0
"993","MB21D2",3,3,2,4,1,4,4,3,0
"994","MDS2",2,3,3,4,1,0,3,1,0
"995","MYO1E",1,4,3,2,2,4,4,6,0
"996","PGAP1",1,2,7,4,3,2,4,0,0
"997","PLIN5",1,0,0,0,0,0,0,0,0
"998","PMAIP1",2,2,3,3,2,4,2,1,0
"999","RALGPS2",2,1,1,1,2,1,4,2,0
"1000","RPL34-AS1",2,2,1,1,1,2,4,3,0
"1001","SCLT1",3,3,3,5,2,0,3,1,0
"1002","ARID4B",3,2,1,4,6,4,5,3,0
"1003","DOCK8",2,3,7,5,1,8,3,6,0
"1004","EIF1B-AS1",2,2,0,1,0,0,1,3,0
"1005","IQGAP2",6,5,9,7,4,5,4,8,0
"1006","LINC01578",4,6,8,3,6,3,5,1,0
"1007","MAP3K13",4,1,5,1,2,0,2,1,0
"1008","ZC3H6",6,4,7,7,6,7,5,3,0
"1009","EFNA5",0,1,1,1,7,0,0,1,0
"1010","FER",3,0,4,4,2,4,2,1,0
"1011","GFOD1",0,1,0,1,4,0,1,2,0
"1012","HIST1H3J",1,4,2,2,2,3,5,1,0
"1013","INPP4B",5,8,8,4,4,6,5,7,2
"1014","ABTB2",4,2,3,5,3,3,6,5,0
"1015","EIF4G3",4,2,3,4,4,6,6,4,0
"1016","ENTHD1",1,2,0,0,0,0,0,1,0
"1017","GNLY",3,1,4,1,7,0,3,2,0
"1018","KLRK1",4,1,3,0,7,0,0,0,0
"1019","LINC01572",1,3,4,5,2,0,3,2,0
"1020","LMNA",2,3,2,2,2,2,4,0,0
"1021","NFKBIZ",4,5,6,5,5,6,7,3,0
"1022","SPATA6L",1,0,0,0,1,0,1,0,0
"1023","BCAS3",2,6,6,6,5,6,11,5,0
"1024","CCR9",4,3,0,3,1,3,3,2,1
"1025","CHAC1",1,4,0,2,1,0,1,0,0
"1026","GNPTAB",6,1,1,2,11,0,4,4,0
"1027","HIST1H1C",3,3,7,9,5,7,1,3,0
"1028","IL1RAP",1,3,2,2,3,0,3,1,0
"1029","MAPK13",1,0,0,2,1,0,2,1,0
"1030","SAMD12",1,3,4,3,0,2,7,6,0
"1031","SLC35E3",1,1,1,1,0,0,1,1,0
"1032","WDPCP",0,3,2,5,2,1,4,1,0
"1033","APOD",1,0,0,0,0,0,0,1,0
"1034","ARMC7",1,0,0,1,0,0,1,0,0
"1035","BCL2L11",3,5,2,4,3,0,1,2,0
"1036","CENPP",3,2,2,3,0,0,0,1,0
"1037","CYP51A1",1,1,3,2,4,0,3,2,0
"1038","CYTH3",2,2,1,2,1,0,4,1,0
"1039","DCAF10",3,3,0,0,2,0,1,0,0
"1040","DDX4",1,0,0,0,0,0,0,0,0
"1041","DTL",1,4,1,2,1,2,2,0,1
"1042","FAAH2",3,0,0,2,0,0,3,0,0
"1043","GTF2IRD1",2,0,1,0,2,0,0,0,0
"1044","HIST1H2BH",2,0,2,1,3,3,4,1,1
"1045","ITGA1",4,4,5,4,4,3,1,5,0
"1046","KIF18B",1,1,2,0,1,1,2,2,0
"1047","KLRD1",2,2,0,3,4,0,1,1,0
"1048","LINC00174",1,0,1,4,0,0,4,0,0
"1049","SLC4A8",2,3,3,1,2,0,0,3,0
"1050","STK17A",4,3,6,4,7,3,3,5,0
"1051","TECPR2",3,0,0,1,0,0,1,0,0
"1052","TTC27",1,0,0,1,0,0,3,0,0
"1053","CCNB1",1,2,1,2,1,0,1,2,0
"1054","CD2",5,3,5,6,5,4,5,2,0
"1055","DIS3L2",3,2,3,0,1,0,2,4,0
"1056","FRY",2,3,1,4,0,0,2,0,0
"1057","MAGED1",3,0,4,1,0,0,3,2,0
"1058","MFGE8",2,0,1,1,2,0,2,3,0
"1059","MSMO1",2,4,4,1,2,3,4,3,0
"1060","MYOM1",1,0,0,1,1,0,1,4,0
"1061","NDUFAF2",3,0,2,1,3,0,2,0,0
"1062","RAB44",1,0,0,0,1,0,1,0,0
"1063","RPL41",3,4,1,8,1,7,1,3,0
"1064","SOD2",1,3,3,4,2,5,4,4,0
"1065","ZHX2",4,2,2,0,5,0,2,1,0
"1066","TRANK1",3,2,5,3,4,0,1,2,0
"1067","ACACA",3,4,1,2,3,1,2,3,0
"1068","ANK2",1,0,0,1,0,0,1,2,0
"1069","CCDC3",2,1,0,4,1,1,1,0,0
"1070","DPF3",1,0,0,0,1,0,2,0,0
"1071","KLHL32",1,1,2,1,0,0,0,2,0
"1072","LINC00861",2,0,2,0,1,0,1,1,0
"1073","PPCDC",3,1,5,1,0,0,5,3,0
"1074","S100P",1,2,2,0,1,0,1,0,0
"1075","SFMBT1",3,5,2,3,3,1,2,1,0
"1076","SPON1",3,1,1,3,2,4,0,0,0
"1077","UST",3,4,5,3,2,3,2,1,0
"1078","CD200R1",1,2,2,4,1,0,2,1,0
"1079","CD226",6,4,4,7,2,5,3,5,0
"1080","DAPK2",1,5,6,1,2,3,2,1,0
"1081","ISG15",4,3,5,5,3,3,1,1,0
"1082","KLRB1",3,0,3,2,9,0,4,4,0
"1083","LINC01358",5,2,1,1,3,0,6,1,0
"1084","LZTFL1",3,3,5,6,5,3,3,3,4
"1085","PIK3R1",3,5,4,4,4,0,3,0,0
"1086","RPL19",4,3,1,2,2,2,3,2,0
"1087","RPLP1",5,3,2,4,5,5,4,2,0
"1088","RPS23",2,2,2,6,2,4,4,3,0
"1089","TMSB10",2,6,5,4,3,2,3,8,1
"1090","UBE2G1",3,1,4,1,4,3,4,1,0
"1091","ZSWIM6",2,3,6,4,3,0,2,1,0
"1092","GAS7",1,1,0,0,4,0,0,0,0
"1093","ITGBL1",2,0,0,0,0,0,0,0,0
"1094","NOP58",1,3,5,7,5,4,6,3,0
"1095","NUAK1",1,0,0,0,0,0,0,0,0
"1096","TFG",4,6,5,5,4,4,4,3,0
"1097","TMEM241",0,1,3,1,1,0,1,3,1
"1098","GMDS",4,5,7,4,3,0,0,4,0
"1099","GPRIN3",7,4,8,5,5,1,3,6,0
"1100","MVB12B",1,2,6,2,2,0,1,3,0
"1101","RPS25",3,3,0,3,4,3,1,0,1
"1102","SMC4",1,0,0,1,0,0,1,1,0
"1103","SNHG1",3,2,3,5,4,3,3,1,0
"1104","TMEM178B",2,3,1,0,0,0,1,0,0
"1105","ABCA1",2,2,1,7,1,2,7,5,0
"1106","ANKRD26",2,5,2,0,2,5,2,2,0
"1107","CCNJL",1,0,0,0,2,0,0,1,0
"1108","ELOVL6",1,3,3,5,3,3,2,1,0
"1109","FANCI",4,4,6,5,3,2,1,3,0
"1110","MAP7",2,8,3,2,1,5,4,3,0
"1111","NUP58",3,1,2,2,2,5,3,0,0
"1112","SAMD4A",2,2,2,3,0,4,1,4,0
"1113","STX8",1,3,2,1,2,0,3,1,0
"1114","VRK2",3,2,2,2,2,0,0,0,0
"1115","VSIG1",1,0,0,0,0,0,0,1,0
"1116","AFDN",3,2,2,4,2,0,2,0,0
"1117","EBI3",2,4,4,1,3,0,3,2,0
"1118","EDEM3",5,4,5,8,5,5,4,4,0
"1119","GDPD1",2,1,0,2,1,0,3,2,0
"1120","LAG3",3,0,5,2,3,0,2,0,0
"1121","LEPR",2,2,0,0,2,0,3,1,0
"1122","PSMD14",2,6,5,5,4,7,3,1,0
"1123","SLC22A15",2,0,0,0,0,0,0,0,0
"1124","SOAT1",3,5,1,2,2,0,1,3,0
"1125","TMEM65",4,3,3,2,1,5,2,0,0
"1126","USP25",2,3,5,5,3,2,1,1,0
"1127","CCR2",0,0,2,0,0,0,0,0,0
"1128","ITGAX",0,0,2,2,1,0,0,1,0
"1129","MAST2",2,1,1,1,1,0,2,1,0
"1130","DLGAP5",1,3,2,3,1,2,2,0,1
"1131","DRAIC",2,3,1,4,1,0,2,4,0
"1132","LINC01550",4,2,2,0,2,0,4,1,0
"1133","PKP4",2,4,2,5,3,0,5,2,0
"1134","RAB6B",1,0,3,0,0,0,2,0,0
"1135","RNLS",1,0,2,1,0,0,0,0,0
"1136","RSRC1",3,4,1,5,0,0,1,0,0
"1137","UBE2E2",1,3,3,1,2,0,4,3,0
"1138","ADAM22",4,0,1,1,3,0,0,0,0
"1139","CD109",5,3,3,6,5,4,2,3,3
"1140","CDCA8",2,2,0,1,1,1,5,3,1
"1141","DAB1",1,1,1,1,0,0,1,2,0
"1142","KIFC1",2,2,3,2,2,3,2,2,2
"1143","NUP210L",2,2,0,1,1,0,2,0,0
"1144","ANKRD28",5,3,3,4,2,0,6,2,0
"1145","CDKAL1",7,7,3,2,3,2,4,4,0
"1146","EPS15",6,8,6,8,6,5,6,1,0
"1147","FBXW7",5,4,5,2,4,0,1,2,0
"1148","RYR2",5,0,0,0,4,0,0,0,0
"1149","BAIAP2L1",4,1,3,2,2,0,3,5,0
"1150","CKAP2L",2,1,1,1,1,0,2,2,0
"1151","CLK1",6,3,1,3,4,5,6,3,0
"1152","LINC00996",2,0,0,1,2,0,1,0,0
"1153","MFSD14A",4,4,3,3,6,3,6,1,0
"1154","NRBP1",3,4,2,4,3,2,4,3,0
"1155","ODC1",1,1,4,3,4,0,3,2,0
"1156","TTC39C",3,3,4,6,4,3,2,6,0
"1157","IDI1",2,8,4,2,2,3,3,4,2
"1158","IFIH1",1,0,5,0,2,0,2,0,0
"1159","SLC12A6",3,1,3,2,5,5,5,6,0
"1160","WDR43",2,1,3,4,1,3,3,0,0
"1161","ARHGAP10",4,3,3,9,3,4,2,11,2
"1162","BBS9",1,2,2,5,4,0,3,3,0
"1163","DHRSX",1,2,5,2,5,0,4,1,0
"1164","DHX15",2,4,2,2,3,2,4,0,0
"1165","IL23R",1,1,3,2,3,5,2,2,0
"1166","KDM6A",2,1,5,4,2,1,4,0,0
"1167","KLHDC1",1,0,0,2,0,0,1,0,0
"1168","MTERF1",2,4,2,4,1,0,3,1,0
"1169","OXR1",2,2,3,3,3,0,6,2,0
"1170","RPS19",1,1,2,2,3,2,2,3,0
"1171","SLC26A4",1,2,0,1,0,0,3,2,0
"1172","SOS1",4,3,6,3,6,3,8,7,0
"1173","TUBB2A",1,0,1,0,1,0,0,0,0
"1174","SESN3",2,5,5,6,2,2,1,8,0
"1175","CCDC85B",1,1,4,1,4,1,4,2,0
"1176","ENPP1",0,0,2,3,0,0,0,0,0
"1177","EPHB6",1,3,2,1,2,0,1,1,0
"1178","EPS8",0,0,2,2,1,0,1,1,0
"1179","RNF130",0,3,2,4,1,0,5,1,0
"1180","S1PR5",0,0,0,0,2,0,0,0,0
"1181","SMURF2",2,7,4,5,4,6,5,2,0
"1182","SPC25",0,0,2,0,2,0,1,2,0
"1183","SSH2",2,5,4,3,4,1,4,3,0
"1184","CKAP5",2,2,2,2,1,1,4,3,1
"1185","CC2D2B",1,2,0,0,2,0,1,2,0
"1186","DTHD1",4,0,1,0,5,1,0,0,0
"1187","GADL1",1,0,0,0,0,0,0,0,0
"1188","MAP4K3",1,2,2,5,1,0,3,3,0
"1189","MIR222HG",2,2,2,2,2,0,3,2,0
"1190","PDE9A",1,0,2,2,2,0,0,1,0
"1191","PRKACB",2,2,1,2,4,1,7,0,0
"1192","SLC16A10",1,3,0,0,0,0,4,1,0
"1193","TSPAN2",1,1,1,0,0,0,1,0,0
"1194","VIM",4,6,7,7,2,0,8,5,0
"1195","ZC3H12C",2,0,1,2,1,5,2,3,0
"1196","ARHGEF3",4,8,4,3,4,5,3,4,0
"1197","CCDC7",3,2,1,3,3,2,5,2,0
"1198","CRIM1",1,1,2,0,2,0,0,0,0
"1199","FKBP5",3,3,1,2,1,0,2,0,0
"1200","HCG17",3,4,2,0,3,0,1,3,0
"1201","IFI44",1,0,0,0,0,0,0,0,0
"1202","MGARP",1,0,0,0,0,0,1,0,0
"1203","NLK",1,0,2,2,2,3,1,1,0
"1204","PLCB1",1,0,4,2,5,0,1,1,0
"1205","RHOQ",3,3,3,3,3,0,1,1,0
"1206","SPRY1",1,2,2,1,3,0,3,1,0
"1207","ST6GALNAC3",1,2,1,0,0,4,1,8,0
"1208","TMEM260",2,1,3,5,2,5,8,3,0
"1209","DUSP5",3,3,7,7,5,3,1,0,0
"1210","G0S2",2,0,0,0,1,0,2,0,0
"1211","INSIG1",2,4,3,4,2,2,5,1,0
"1212","CDKN1C",1,2,0,0,0,0,0,3,0
"1213","GAB2",2,6,4,3,5,6,6,3,0
"1214","NDC80",1,0,1,0,0,0,0,0,0
"1215","PTPRG",1,0,0,0,0,0,1,1,0
"1216","QKI",1,2,3,2,5,2,2,0,0
"1217","SIK2",1,0,2,3,3,0,2,2,0
"1218","ZFAND3",1,3,2,6,1,4,1,1,0
"1219","ANO10",2,1,2,2,1,0,2,3,0
"1220","CSF2RB",1,0,0,1,0,0,0,1,0
"1221","FCHO2",1,2,0,0,0,0,1,0,0
"1222","SMIM14",1,1,1,2,1,0,2,1,0
"1223","DNAJC12",2,3,3,1,2,2,3,0,0
"1224","FDPS",2,8,2,3,4,3,2,2,1
"1225","HSP90AA1",3,1,3,5,3,4,5,1,0
"1226","LINC01163",1,0,1,1,5,0,2,2,0
"1227","LINC01471",1,1,0,0,0,0,0,0,0
"1228","NUGGC",2,0,1,0,1,0,0,0,0
"1229","HEATR5A",1,5,5,1,4,7,4,4,0
"1230","HIST3H2A",1,4,4,2,3,0,2,0,0
"1231","SLC14A1",3,0,1,1,2,4,5,3,0
"1232","TBC1D5",6,5,2,3,5,5,7,6,0
"1233","TBC1D8",3,0,4,2,0,0,2,5,0
"1234","CTSL",1,1,2,3,2,0,4,0,0
"1235","HPGD",1,0,5,2,2,0,0,1,0
"1236","KLRC2",4,0,1,0,4,0,1,0,0
"1237","RGS1",2,5,6,6,1,0,4,3,0
"1238","SUPT3H",5,4,4,2,5,3,5,6,0
"1239","UBE3D",2,2,3,1,2,0,3,0,0
"1240","WDR70",2,2,3,3,2,5,3,2,0
"1241","AK5",1,2,0,0,0,0,1,0,0
"1242","CDCP1",1,1,1,0,0,0,0,0,0
"1243","CFAP44",2,0,0,2,1,0,3,0,0
"1244","IL13",2,0,0,0,3,0,4,0,0
"1245","LINC00271",4,3,0,0,3,0,0,2,0
"1246","SEMA3A",1,0,0,0,0,0,0,0,0
"1247","ACTG1",2,2,3,6,2,0,4,1,1
"1248","DOCK3",2,5,4,5,3,1,5,1,0
"1249","KIF2A",3,2,6,7,2,3,9,4,0
"1250","LY9",2,2,2,1,2,0,1,1,0
"1251","PARP15",4,3,2,6,1,3,2,2,0
"1252","ABCD2",2,2,2,1,3,3,1,4,0
"1253","GBE1",2,5,3,2,3,0,5,2,0
"1254","GPER1",1,0,0,0,0,0,0,0,0
"1255","ITGA6",1,2,0,1,1,0,2,0,0
"1256","NUSAP1",1,1,2,3,2,0,1,0,0
"1257","PIK3AP1",2,0,0,1,5,0,1,2,0
"1258","STXBP5",4,3,4,2,3,3,3,0,0
"1259","TULP3",1,2,2,3,1,0,4,1,0
"1260","ARHGAP32",2,1,1,3,1,0,2,4,0
"1261","FGD6",1,1,0,2,1,0,2,0,0
"1262","KIAA1217",2,1,2,0,1,0,0,0,0
"1263","PRF1",2,3,4,0,3,0,1,1,0
"1264","PRPF3",3,2,4,3,3,0,5,5,0
"1265","SVIL",1,2,0,3,2,0,2,1,0
"1266","TMEFF1",2,1,0,1,0,0,1,0,0
"1267","AUTS2",1,2,2,2,5,0,0,2,0
"1268","MYO3B",1,0,0,0,0,0,0,0,0
"1269","PARD6G",2,0,1,1,1,0,1,0,0
"1270","PCCA",2,2,5,6,3,0,2,3,0
"1271","PSAT1",1,2,1,0,2,3,3,0,0
"1272","SAMD9",2,3,3,3,2,3,7,3,0
"1273","SLC41A2",2,5,7,8,4,5,7,0,2
"1274","TNFRSF18",2,5,4,3,2,4,6,3,0
"1275","TRIM38",2,3,3,4,1,3,4,1,0
"1276","ADCY9",2,3,1,0,1,0,2,3,0
"1277","CCDC50",4,2,2,2,4,0,4,0,0
"1278","DISC1",2,3,2,1,2,2,1,1,0
"1279","HHAT",1,4,2,2,0,0,1,1,0
"1280","MTRNR2L8",2,0,5,2,1,0,2,0,0
"1281","PYHIN1",2,0,2,1,0,0,3,0,0
"1282","ATR",2,4,4,1,6,4,4,3,0
"1283","GLYCTK-AS1",1,0,0,1,2,0,0,0,0
"1284","HSPA1B",3,4,7,1,3,5,2,2,0
"1285","RPL28",1,4,3,4,6,5,4,4,1
"1286","BCKDHB",1,1,1,1,3,0,1,1,0
"1287","CLVS1",1,0,0,0,0,0,0,1,0
"1288","ENOX1",1,1,0,0,0,0,2,0,0
"1289","ENOX2",2,1,1,0,0,0,0,0,0
"1290","KCTD16",1,2,0,2,1,0,3,0,0
"1291","MIR4435-2HG",3,2,3,4,4,0,5,4,0
"1292","NEK1",3,7,2,3,3,4,7,3,0
"1293","PITPNC1",3,8,5,5,8,4,6,3,0
"1294","CIB3",1,0,0,0,0,0,0,0,0
"1295","CRY1",1,5,5,4,2,4,2,1,0
"1296","TYW1B",1,6,3,3,3,0,4,1,0
"1297","CBLB",3,7,7,5,1,4,4,4,0
"1298","FAR2",2,2,0,3,3,0,0,3,0
"1299","IPCEF1",3,5,2,2,0,4,2,2,0
"1300","KIF4A",1,0,0,0,0,0,3,0,0
"1301","PTPN13",1,0,4,2,2,0,1,0,0
"1302","SBF2",2,3,2,4,3,1,1,0,0
"1303","SLAMF7",3,0,0,0,2,0,0,1,0
"1304","CLEC2D",3,3,4,2,4,1,3,4,0
"1305","TBC1D19",2,0,1,1,1,0,0,1,0
"1306","ANXA1",2,8,6,4,5,0,4,1,0
"1307","DGKI",1,1,1,1,0,0,1,0,0
"1308","MAFTRR",1,2,4,2,1,0,0,0,0
"1309","PUS7",1,2,0,0,1,0,1,0,0
"1310","RPL13",3,3,0,2,5,3,2,4,0
"1311","ST5",1,0,2,1,1,0,0,0,0
"1312","PLEKHH2",0,0,1,0,1,0,0,0,0
"1313","FLT1",0,2,1,0,2,0,3,1,0
"1314","IL1R1",0,0,2,2,1,5,8,1,0
"1315","TIAM1",1,7,3,3,2,0,3,3,0
"1316","RNF170",1,3,2,2,0,3,5,3,0
"1317","MCF2L2",0,3,2,4,3,5,1,2,1
"1318","ANKRD6",2,2,2,2,1,3,2,1,0
"1319","BORA",1,2,3,3,1,0,4,0,0
"1320","LINC00402",1,0,1,0,0,0,0,0,0
"1321","LINC01278",1,0,0,0,0,0,0,0,0
"1322","NEDD9",3,4,5,4,4,7,5,7,0
"1323","PCBP3",1,4,3,2,3,2,2,4,0
"1324","RAB28",1,6,5,4,2,2,2,1,0
"1325","RHEB",2,3,1,2,3,1,4,1,0
"1326","TSC22D1",3,5,2,2,2,0,5,1,0
"1327","ANKRD22",1,1,3,0,1,1,1,0,0
"1328","CLIC5",2,2,3,4,6,5,1,2,0
"1329","KANK1",1,2,0,2,0,0,1,1,0
"1330","WRN",1,1,0,2,0,0,1,0,0
"1331","AGO4",1,3,4,3,3,0,3,0,0
"1332","CCNB2",3,2,0,0,0,1,3,3,1
"1333","CDKN3",1,1,3,1,1,0,2,1,0
"1334","RPL13A",1,1,1,3,7,5,5,4,1
"1335","C15orf41",1,0,1,1,0,0,1,0,0
"1336","SLC52A1",1,2,0,5,0,0,0,1,0
"1337","ACSS2",1,3,4,3,2,0,4,0,0
"1338","DOCK4",1,0,0,1,0,0,1,0,0
"1339","JAKMIP2",1,3,0,1,1,0,1,1,0
"1340","SPIDR",1,2,0,2,4,0,2,4,0
"1341","C21orf58",3,0,1,1,1,1,3,3,1
"1342","CDK8",1,5,3,1,7,0,2,0,0
"1343","EVA1C",1,1,1,3,1,0,1,1,0
"1344","FARS2",3,2,2,7,4,4,1,3,0
"1345","HIP1",1,1,2,4,3,0,2,0,0
"1346","RPS27",2,1,2,6,2,1,3,7,1
"1347","UBTD2",1,2,1,3,1,0,0,3,0
"1348","ABCC4",2,3,3,1,2,3,2,1,0
"1349","ARHGEF28",2,0,0,0,1,0,0,0,0
"1350","PRC1",1,1,1,1,2,2,2,0,0
"1351","SETBP1",1,5,0,0,1,0,1,2,0
"1352","TPRG1",1,1,2,3,4,0,2,1,0
"1353","KCNIP4",1,1,0,0,0,0,0,0,0
"1354","MAPK8",1,2,4,3,2,0,2,3,0
"1355","RFWD3",1,2,4,1,3,2,1,1,0
"1356","WARS",2,4,2,1,0,0,4,1,0
"1357","XCL2",1,0,0,0,1,0,4,2,0
"1358","CACNA1A",0,2,3,0,0,0,2,0,0
"1359","MCTP1",0,1,0,0,0,0,2,1,0
"1360","PDGFB",0,0,0,1,0,0,1,3,0
"1361","ELMO1",3,5,8,5,4,5,8,7,0
"1362","MT1X",1,0,0,0,0,0,2,0,0
"1363","BAG3",1,1,3,3,1,2,1,1,0
"1364","CASC19",1,0,0,0,0,0,0,0,0
"1365","LRRC69",1,1,2,0,1,0,0,1,0
"1366","MELK",2,3,1,1,2,2,2,1,2
"1367","NCALD",2,1,2,0,2,0,3,1,0
"1368","PHLDA1",1,3,2,3,5,4,4,1,2
"1369","PKHD1L1",1,0,0,0,0,0,0,0,0
"1370","SIPA1L3",1,4,1,1,2,0,2,3,0
"1371","LIF",1,3,1,1,1,4,1,2,0
"1372","TRBV11-2",1,0,0,0,0,0,0,0,0
"1373","APLF",1,4,1,4,0,0,3,0,0
"1374","GPSM2",1,1,2,0,1,0,0,0,0
"1375","LRP6",1,1,0,0,1,0,0,0,0
"1376","SLA",1,3,4,4,1,0,1,2,0
"1377","UBE2QL1",1,0,0,0,0,0,0,0,0
"1378","C22orf34",1,2,1,1,1,0,5,2,0
"1379","DTWD2",1,4,2,1,1,0,2,1,0
"1380","HBEGF",1,1,0,1,1,0,0,0,0
"1381","LINC01135",1,1,3,2,3,0,0,3,0
"1382","RYBP",1,5,4,6,7,4,2,1,0
"1383","SLC20A1",1,4,3,5,3,4,5,1,0
"1384","CEP128",3,4,2,1,1,0,2,5,0
"1385","SULT2B1",1,2,0,0,2,0,1,1,0
"1386","CYB5D2",1,3,5,3,0,0,2,1,0
"1387","HLA-DPA1",1,2,3,0,1,0,2,1,0
"1388","MIR181A1HG",1,4,2,4,1,0,2,3,0
"1389","AURKA",1,2,0,1,1,1,2,1,0
"1390","CTNNA3",1,3,3,3,3,0,1,0,0
"1391","HELZ",1,3,5,5,6,2,4,1,0
"1392","HIST2H2AA4",1,1,3,1,0,2,4,0,0
"1393","LINC01146",1,0,2,2,0,0,4,1,0
"1394","PFKFB4",1,5,2,0,2,3,0,1,1
"1395","HIBADH",2,2,3,4,3,0,3,1,0
"1396","HILPDA",1,3,2,1,4,0,2,4,1
"1397","NECTIN3",1,2,5,6,1,0,0,0,0
"1398","CCNF",1,3,1,2,3,2,1,1,2
"1399","CEP55",1,2,0,3,4,2,2,3,1
"1400","EPB41L2",1,5,2,3,2,2,3,2,0
"1401","NEK2",1,2,1,0,1,2,1,1,1
"1402","PLXND1",1,0,1,0,1,0,0,1,0
"1403","PPP1R36",1,0,0,1,0,0,0,3,0
"1404","RAD51AP1",1,2,1,1,3,1,2,0,1
"1405","LINC00278",1,3,2,1,1,5,6,3,0
"1406","RFX3-AS1",1,3,2,2,1,1,3,1,0
"1407","CRTAM",1,0,1,0,4,0,0,1,0
"1408","TTBK2",1,4,1,2,3,4,5,1,0
"1409","PRKCQ-AS1",1,5,4,6,1,0,6,1,0
"1410","FAM160A1",1,2,4,3,0,0,1,1,0
"1411","GNG7",1,2,3,1,1,0,0,1,0
"1412","HIST1H1A",1,3,1,2,1,0,1,0,0
"1413","PTGR1",0,1,0,1,0,0,2,1,0
"1414","TBC1D9",1,0,0,0,0,0,0,0,0
"1415","FMNL2",0,1,4,3,0,0,1,0,0
"1416","CREB5",0,49,0,50,0,0,47,31,0
"1417","DACH1",0,24,22,0,0,0,0,41,0
"1418","FOSL1",0,52,48,45,45,27,36,19,0
"1419","HOXA3",0,50,0,0,44,0,50,35,0
"1420","IKZF2",0,21,53,10,47,24,45,47,11
"1421","JAZF1",0,48,51,53,48,0,48,35,0
"1422","KLF2",0,18,0,0,0,0,9,6,0
"1423","L3MBTL3",0,44,45,51,41,0,47,43,0
"1424","NPAS2",0,49,47,51,49,0,52,51,0
"1425","PAX5",0,5,0,0,0,0,0,3,0
"1426","SIM2",0,15,0,14,0,0,0,0,0
"1427","SOX4",0,21,13,0,13,0,21,28,0
"1428","TP63",0,6,0,0,0,0,0,0,0
"1429","ZNF730",0,8,0,0,0,0,0,0,0
"1430","ANKRD55",0,3,0,3,1,0,1,1,0
"1431","DENND5B",0,2,1,1,1,0,1,0,0
"1432","FBXL13",0,2,3,0,0,0,3,1,0
"1433","HIST1H2AC",0,4,4,7,3,4,5,6,0
"1434","TIMP1",0,4,3,3,4,4,1,2,0
"1435","CHD1",0,6,5,4,1,3,4,4,0
"1436","SDK1",0,6,0,3,1,5,3,2,0
"1437","FABP5",0,3,0,2,4,0,2,2,0
"1438","MYO18B",0,2,0,0,1,0,1,0,0
"1439","PALM2-AKAP2",0,4,3,1,2,3,3,4,0
"1440","PRG2",0,1,0,0,1,0,2,1,0
"1441","KSR2",0,1,0,0,0,0,1,2,0
"1442","MBD2",0,5,3,5,2,2,2,1,0
"1443","PHACTR4",0,2,0,3,4,2,1,2,0
"1444","APBA2",0,2,3,0,3,0,1,1,0
"1445","SCML1",0,6,2,1,2,2,4,2,0
"1446","USP45",0,2,0,3,1,0,1,2,0
"1447","CDH1",0,1,1,0,0,0,0,2,0
"1448","CEP112",0,2,3,2,1,0,0,1,0
"1449","IER5L",0,4,4,5,0,3,4,3,0
"1450","LRRC2",0,1,0,0,0,0,0,0,0
"1451","RASSF8",0,2,0,1,0,0,0,0,0
"1452","CASC15",0,5,1,1,0,5,4,6,2
"1453","KLF3-AS1",0,1,1,0,0,0,2,1,0
"1454","MYLIP",0,4,4,2,2,3,1,0,0
"1455","SGO2",0,2,1,1,3,1,4,0,1
"1456","TEX9",0,2,0,0,0,0,0,0,0
"1457","HIST1H2BG",0,2,1,1,1,2,2,2,0
"1458","REG4",0,0,0,0,0,0,0,1,0
"1459","SGPP2",0,1,2,0,1,0,1,2,0
"1460","ATP8B1",0,3,1,2,0,0,1,0,0
"1461","BIRC5",0,1,1,1,0,1,1,2,2
"1462","CCDC122",0,2,1,0,0,0,0,0,0
"1463","CENPI",0,4,1,0,4,0,5,3,0
"1464","FAM83D",0,2,1,0,0,2,3,0,0
"1465","GXYLT2",0,1,0,0,0,0,0,0,0
"1466","HPGDS",0,2,0,0,0,0,0,0,0
"1467","MT1E",0,1,0,0,0,0,0,0,0
"1468","TDRD12",0,2,0,0,0,0,0,1,0
"1469","ATP6V0A4",0,1,1,1,1,0,0,0,0
"1470","GRID2IP",0,3,3,0,3,0,3,0,0
"1471","GRIN2D",0,2,0,0,0,0,0,2,0
"1472","PARD3",0,1,0,1,1,0,0,5,0
"1473","SLC12A8",0,3,0,1,1,0,1,4,0
"1474","SLC43A2",0,1,0,0,1,0,1,3,0
"1475","ZSWIM5",0,5,0,2,0,0,2,0,0
"1476","HCN2",0,2,2,0,0,1,3,1,0
"1477","DNAJC6",0,1,0,1,0,0,0,0,0
"1478","KIF26B",0,2,1,0,1,0,1,1,0
"1479","SH3RF3",0,2,0,0,0,1,0,2,0
"1480","AFF3",0,2,1,0,2,0,0,3,0
"1481","CATSPERB",0,2,1,0,2,0,0,2,0
"1482","GPC3",0,1,0,0,0,0,0,0,0
"1483","MIR3681HG",0,1,0,1,0,0,1,2,0
"1484","SNAP25",0,1,0,1,1,0,1,0,0
"1485","ADAM12",0,1,2,5,2,0,2,0,0
"1486","CLCN1",0,1,0,0,0,0,0,0,0
"1487","FXYD7",0,1,0,0,0,0,1,1,0
"1488","SDK2",0,4,0,0,1,0,0,2,0
"1489","STC1",0,1,0,0,0,0,0,1,0
"1490","ZNF532",0,1,1,0,2,0,0,0,0
"1491","ZNF763",0,1,1,1,0,0,4,0,0
"1492","DRD3",0,2,0,0,0,0,0,0,0
"1493","IL17RB",0,4,0,0,0,0,5,0,0
"1494","SLC13A4",0,3,0,0,0,0,1,0,0
"1495","SPIRE1",0,5,3,3,2,0,1,1,0
"1496","ADARB2",0,3,0,1,0,0,2,0,0
"1497","DAPK1",0,3,1,0,0,0,0,1,0
"1498","LINC00877",0,3,0,1,0,2,1,1,0
"1499","MAGI2",0,2,0,1,0,0,0,0,0
"1500","PIK3R6",0,1,2,1,3,0,0,1,0
"1501","RND1",0,1,1,0,1,0,0,0,0
"1502","USP6NL",0,3,0,1,0,0,0,1,0
"1503","ARHGAP6",0,2,0,3,0,0,1,0,0
"1504","HSPA12A",0,2,0,0,0,0,0,0,0
"1505","IL26",0,4,4,5,4,5,1,0,0
"1506","MAPRE2",0,7,6,4,5,0,4,1,0
"1507","PLVAP",0,1,2,0,0,0,0,0,0
"1508","PSD3",0,2,1,1,0,0,0,0,0
"1509","TMEM45B",0,1,2,0,0,0,0,0,0
"1510","CARMIL1",0,5,4,3,4,0,2,8,0
"1511","ELP4",0,2,2,2,2,0,4,0,0
"1512","P2RY14",0,2,2,2,1,0,2,1,0
"1513","TRPC1",0,3,0,6,1,2,4,0,0
"1514","LINC00511",0,2,3,4,0,0,1,1,0
"1515","ADGRA3",0,1,0,0,0,0,3,4,0
"1516","PSTPIP2",0,3,3,1,0,3,2,3,0
"1517","RTN4IP1",0,1,0,0,1,0,1,0,0
"1518","ACVR2A",0,3,2,3,0,0,0,0,0
"1519","JAM3",0,3,1,1,1,0,1,0,0
"1520","KLHL29",0,4,1,1,0,0,2,1,0
"1521","WNT9A",0,1,1,0,0,0,1,0,0
"1522","CIT",0,2,0,1,1,0,1,0,0
"1523","CMTM8",0,3,2,3,5,3,2,3,0
"1524","ALDH1A2",0,2,1,0,2,0,0,0,0
"1525","CCDC13",0,1,0,1,1,0,0,0,0
"1526","EML5",0,2,0,0,1,0,0,0,0
"1527","NBEA",0,3,0,1,0,0,0,5,0
"1528","NCR2",0,1,0,0,1,0,0,0,0
"1529","NHS",0,2,0,0,2,0,0,0,0
"1530","SIRPD",0,1,1,0,0,0,1,0,0
"1531","DISP1",0,0,0,0,0,0,2,1,0
"1532","DLL1",0,1,1,0,0,0,0,0,0
"1533","FCGBP",0,1,2,0,0,0,0,1,0
"1534","GNAL",0,1,1,1,0,0,0,0,0
"1535","IFIT2",0,1,1,0,1,0,3,1,0
"1536","IFIT3",0,1,1,0,0,0,2,0,0
"1537","IGFALS",0,1,0,0,0,0,2,0,0
"1538","IQCA1",0,1,0,0,0,0,0,0,0
"1539","KIAA1211",0,1,0,0,0,0,0,1,0
"1540","OSBPL6",0,1,0,0,0,0,0,0,0
"1541","SLC7A11",0,1,0,0,0,0,0,0,0
"1542","ST8SIA1",0,2,4,2,0,0,4,2,0
"1543","APBB2",0,4,0,0,1,0,0,0,0
"1544","ACVR1C",0,2,1,2,1,0,1,3,0
"1545","CCL22",0,1,0,0,2,0,0,2,0
"1546","MAP7D2",0,1,0,1,2,0,1,0,0
"1547","DEPDC1B",0,3,1,1,3,0,5,1,1
"1548","MT3",0,2,1,0,0,0,2,0,0
"1549","FAM90A1",0,1,0,0,0,0,0,1,0
"1550","RALGPS1",0,2,0,0,1,0,1,0,0
"1551","RAMP1",0,1,2,1,3,0,1,2,0
"1552","ADD3-AS1",0,1,0,0,0,0,0,0,0
"1553","RCBTB2",0,3,1,3,3,0,2,0,0
"1554","ADAMTS6",0,1,1,2,2,0,2,1,0
"1555","LGR4",0,3,0,0,2,0,0,1,0
"1556","METTL24",0,1,0,0,0,0,0,0,0
"1557","REPS2",0,1,0,2,0,0,0,0,0
"1558","ZNF69",0,1,1,0,0,0,1,1,0
"1559","CCDC30",0,2,0,2,1,0,1,0,0
"1560","DIAPH2",0,5,1,2,6,0,3,0,0
"1561","FSD1L",0,1,0,3,0,0,0,0,0
"1562","IL24",0,2,1,1,0,4,0,1,0
"1563","NTRK3",0,1,0,0,0,3,0,0,0
"1564","PRELID2",0,1,0,0,1,0,0,0,0
"1565","AREG",0,1,2,1,1,0,0,1,0
"1566","C10orf105",0,1,0,0,0,0,0,0,0
"1567","KIAA1328",0,3,3,2,1,2,3,1,0
"1568","LINC00589",0,1,0,0,0,0,0,0,0
"1569","LINC01234",0,1,0,0,1,0,0,0,0
"1570","MCF2",0,1,0,0,0,0,0,0,0
"1571","CD8A",0,1,3,0,1,0,2,0,0
"1572","SATB1-AS1",0,3,6,4,2,1,2,6,0
"1573","PKIB",0,5,0,0,1,0,0,2,0
"1574","HYKK",0,1,0,0,0,0,1,0,0
"1575","TNS3",0,1,0,0,0,0,1,1,0
"1576","ARSB",0,1,2,1,1,0,3,1,0
"1577","GPA33",0,1,0,0,0,0,0,0,0
"1578","L3MBTL4",0,1,1,0,0,0,1,2,0
"1579","MYEF2",0,2,1,6,2,0,3,0,0
"1580","PLK2",0,1,0,0,1,0,0,0,0
"1581","SNTG2",0,1,0,0,0,0,0,1,0
"1582","ALPK2",0,1,1,0,0,0,0,1,0
"1583","NVL",0,1,4,2,3,2,4,0,0
"1584","R3HDM1",0,4,7,4,3,2,3,1,0
"1585","ROR1",0,1,0,0,0,0,1,0,0
"1586","EFCAB8",0,2,0,0,0,0,2,1,0
"1587","FKTN",0,2,0,1,0,0,0,2,0
"1588","NME7",0,6,4,5,4,1,1,4,0
"1589","C20orf194",0,4,1,2,1,0,4,4,0
"1590","GPC5",0,1,1,0,1,0,0,1,0
"1591","TRIM36",0,1,0,1,1,0,0,0,0
"1592","SNED1",0,4,1,2,0,0,3,1,0
"1593","SLCO5A1",0,1,0,0,1,0,0,0,0
"1594","GAS2L3",0,1,0,0,0,0,0,0,0
"1595","PUDP",0,2,2,3,2,0,1,0,0
"1596","CXCR6",0,2,1,0,1,0,3,1,0
"1597","KCNK1",0,2,1,0,0,2,2,0,0
"1598","BTBD8",0,1,1,1,0,0,1,3,0
"1599","GAB1",0,1,1,0,0,0,0,0,0
"1600","PKD2",0,1,2,0,0,0,4,2,0
"1601","SPATA6",0,2,0,1,1,0,1,0,0
"1602","ZNRF3",0,1,0,0,1,0,0,0,0
"1603","SLC16A14",0,3,0,0,2,0,0,0,0
"1604","SP140",0,2,2,6,1,5,1,5,3
"1605","AC005224.2",0,2,0,0,0,0,0,0,0
"1606","CACHD1",0,1,0,0,0,0,0,2,0
"1607","CHEK2",0,1,0,1,2,0,2,2,0
"1608","TACC3",0,2,1,2,1,1,2,0,1
"1609","CYP46A1",0,1,1,0,0,0,1,0,0
"1610","AC114730.2",0,1,1,0,0,0,1,0,0
"1611","FAM178B",0,2,2,1,1,0,0,0,0
"1612","FCER1G",0,1,1,0,3,0,1,1,0
"1613","IGFBP2",0,2,0,0,2,0,1,2,0
"1614","IL1R2",0,1,2,1,0,3,1,0,0
"1615","SERPINH1",0,2,0,1,0,0,0,0,0
"1616","ZCWPW2",0,1,1,0,0,0,0,1,0
"1617","RGMB",0,1,0,0,0,0,0,0,0
"1618","SMAD1",0,1,0,0,0,0,0,0,0
"1619","IRAK3",0,1,2,0,0,0,1,3,0
"1620","UPP2",0,2,1,1,1,0,1,1,0
"1621","IFT81",0,1,1,0,0,0,0,1,0
"1622","RGS6",0,1,1,3,0,0,1,1,0
"1623","HIST1H4J",0,1,2,1,1,0,0,1,0
"1624","NRARP",0,1,0,0,2,0,0,0,0
"1625","NREP",0,1,0,0,0,0,0,2,0
"1626","GIPC3",0,1,0,0,0,0,0,0,0
"1627","GLCE",0,1,1,0,0,0,0,0,0
"1628","KHDRBS3",0,1,0,0,0,0,0,0,0
"1629","ARRDC5",0,1,1,1,0,0,2,0,0
"1630","TCAIM",0,1,2,1,0,0,1,0,0
"1631","TNFSF4",0,1,0,0,0,0,0,0,0
"1632","FAM167A",0,1,1,1,0,0,0,0,0
"1633","SLC1A2",0,2,0,0,0,0,1,1,0
"1634","HEATR4",0,1,1,0,1,0,2,0,0
"1635","NTRK2",0,1,0,1,1,0,1,0,0
"1636","SCGB2B2",0,4,0,0,0,0,1,1,0
"1637","ACOX2",0,1,1,0,0,0,0,0,0
"1638","CPNE8",0,1,2,0,3,4,1,1,0
"1639","EXPH5",0,1,2,3,1,0,2,2,0
"1640","PLB1",0,1,1,0,1,0,3,1,0
"1641","TMPRSS11E",0,1,0,0,0,0,0,0,0
"1642","GTSE1",0,2,1,1,2,0,6,2,0
"1643","DTNA",0,1,0,1,0,0,0,0,0
"1644","NMNAT3",0,2,1,0,1,0,1,0,0
"1645","RIMKLB",0,2,0,0,2,0,0,2,0
"1646","DDX60L",0,1,1,4,2,2,3,2,0
"1647","MAMLD1",0,2,0,1,0,0,2,0,0
"1648","AP4M1",0,0,1,0,1,0,1,0,0
"1649","LGALS3",0,1,2,3,3,0,4,2,0
"1650","RCAN2",0,0,4,3,2,4,1,0,0
"1651","SLC35G3",0,0,0,0,0,0,0,1,0
"1652","CCDC102B",0,1,1,1,0,0,0,1,0
"1653","FMN1",0,2,3,2,1,2,0,3,0
"1654","RBKS",0,1,1,2,2,0,4,1,0
"1655","NTNG1",0,1,0,0,0,0,1,0,0
"1656","ST8SIA6",0,1,1,0,6,0,3,1,0
"1657","TUBD1",0,1,3,6,2,0,2,4,0
"1658","TAF4B",0,1,1,0,0,0,0,0,0
"1659","ANGPTL4",0,1,0,0,2,0,4,0,0
"1660","NODAL",0,1,0,0,0,0,0,0,0
"1661","LARGE1",0,1,1,2,0,0,1,1,0
"1662","SUSD4",0,1,0,0,1,0,0,0,0
"1663","BLK",0,1,2,2,3,0,2,0,0
"1664","EXO1",0,1,0,0,2,0,1,0,0
"1665","ARHGEF12",0,1,4,2,4,5,3,1,0
"1666","SYCP2",0,1,3,0,1,0,1,2,0
"1667","PCSK6",0,1,0,0,1,0,0,2,0
"1668","IFIT1",0,0,0,0,0,0,0,0,0
"1669","TLE2",0,1,2,2,1,0,4,2,0
"1670","BCL11A",0,0,3,0,0,1,0,0,0
"1671","EGR3",0,0,6,0,14,5,4,11,0
"1672","HES1",0,0,3,0,0,0,0,0,0
"1673","HLF",0,0,47,28,0,0,0,0,0
"1674","TCF4",0,0,5,0,11,0,0,11,0
"1675","TFEC",0,0,4,0,0,0,0,16,0
"1676","THRB",0,0,16,0,0,0,0,0,0
"1677","IQCH-AS1",0,0,2,1,0,0,0,0,0
"1678","SLC4A10",0,0,3,1,5,0,0,0,0
"1679","MYRFL",0,0,1,0,0,0,0,0,0
"1680","STARD13",0,0,1,0,0,0,0,0,0
"1681","PLD1",0,0,4,2,3,0,0,0,0
"1682","RNF144B",0,0,2,0,0,0,0,0,0
"1683","TUBB3",0,0,2,1,2,3,4,0,0
"1684","CTBP2",0,0,1,2,5,0,2,1,0
"1685","SLCO2B1",0,0,0,3,0,0,0,0,0
"1686","ENAH",0,0,1,0,0,0,0,0,0
"1687","GML",0,0,1,0,0,0,1,0,0
"1688","IL5",0,0,1,1,0,0,1,1,0
"1689","ZNF208",0,0,1,0,1,0,0,0,0
"1690","CA9",0,0,3,0,0,0,1,0,0
"1691","ADM",0,0,2,0,0,0,2,1,0
"1692","EEPD1",0,0,3,0,2,0,0,0,0
"1693","KCNH4",0,0,2,0,1,0,0,0,0
"1694","MT1G",0,0,1,0,0,0,0,0,0
"1695","ASAP3",0,0,1,0,0,0,0,1,1
"1696","ST14",0,0,1,0,1,0,0,0,0
"1697","WFDC5",0,0,1,0,0,0,1,0,0
"1698","AGAP1",0,0,3,0,4,0,0,1,0
"1699","HSD17B2",0,0,1,0,0,0,0,0,0
"1700","C12orf42",0,0,1,0,0,0,0,0,0
"1701","SIGLEC9",0,0,2,0,1,0,0,0,0
"1702","COLQ",0,0,1,1,1,0,2,4,0
"1703","NTN4",0,0,2,1,2,0,1,3,0
"1704","VCAN",0,0,1,0,0,0,0,0,0
"1705","FILIP1",0,0,1,1,0,0,0,0,0
"1706","HMOX1",0,0,0,0,0,0,1,0,0
"1707","IL17A",0,0,2,2,0,0,0,0,0
"1708","TSPAN13",0,0,2,0,1,1,1,0,0
"1709","C11orf44",0,0,1,1,0,0,2,0,0
"1710","ME1",0,0,2,0,1,0,0,0,0
"1711","GBP6",0,0,1,0,0,0,0,0,0
"1712","MEIKIN",0,0,1,1,0,0,0,0,0
"1713","IL9",0,0,1,0,0,0,0,0,0
"1714","HJURP",0,0,1,2,3,1,0,0,1
"1715","SLC44A5",0,0,1,0,0,0,0,0,0
"1716","LINC00536",0,0,1,0,0,0,0,0,0
"1717","LRP12",0,0,3,3,0,0,3,1,0
"1718","LTC4S",0,0,1,1,0,0,0,0,0
"1719","MINPP1",0,0,1,2,0,0,0,1,0
"1720","MACC1",0,0,1,0,1,0,0,2,0
"1721","SCD5",0,0,0,0,1,0,0,1,0
"1722","SLC17A3",0,0,1,0,0,0,0,0,0
"1723","PPP2R2B",0,0,2,0,3,0,1,0,0
"1724","GZMK",0,0,1,0,2,0,1,0,0
"1725","KLRC3",0,0,3,0,4,0,0,0,0
"1726","PAK3",0,0,2,0,0,0,1,0,0
"1727","DNAJA4",0,0,1,0,0,0,0,0,0
"1728","GAS2",0,0,1,2,0,0,2,3,0
"1729","KIT",0,0,1,0,0,0,0,0,0
"1730","STYK1",0,0,1,0,4,0,0,0,0
"1731","CCL20",0,0,1,1,0,0,5,0,0
"1732","LINC00937",0,0,2,0,2,0,0,1,0
"1733","MATN2",0,0,2,2,1,0,0,0,0
"1734","KLRC4",0,0,2,0,1,0,0,0,0
"1735","IL11",0,0,0,0,0,0,0,0,0
"1736","RNF165",0,0,2,0,4,0,1,0,0
"1737","C15orf48",0,0,1,0,0,0,3,1,0
"1738","CENPA",0,0,2,2,0,0,1,2,0
"1739","FAM135A",0,0,2,1,0,0,4,0,0
"1740","RUBCNL",0,0,1,1,1,1,3,0,0
"1741","TNFRSF21",0,0,1,0,2,0,1,0,0
"1742","ZC2HC1A",0,0,1,4,1,0,2,0,0
"1743","CHN1",0,0,2,1,0,0,2,0,0
"1744","IL15",0,0,2,0,0,0,0,0,0
"1745","SH3RF2",0,0,1,1,0,0,0,0,0
"1746","FAM81A",0,0,0,0,0,0,0,0,0
"1747","FGF9",0,0,1,0,0,0,1,2,0
"1748","EPB41L4A",0,0,1,0,0,0,0,0,0
"1749","NAV2",0,0,1,0,3,0,0,0,0
"1750","FCER2",0,0,1,0,0,0,1,0,0
"1751","LGMN",0,0,1,3,0,0,2,1,0
"1752","RAB27B",0,0,1,0,0,0,0,0,0
"1753","KIAA2012",0,0,1,0,2,0,0,1,0
"1754","IGF2BP3",0,0,2,4,2,0,1,3,0
"1755","VNN3",0,0,1,0,0,0,0,0,0
"1756","BTNL8",0,0,1,0,0,0,0,3,0
"1757","CHODL",0,0,1,0,0,0,0,0,0
"1758","CCDC192",0,0,0,0,0,0,0,0,0
"1759","LINC01376",0,0,1,2,2,0,0,1,0
"1760","ITGA3",0,0,1,2,0,3,1,0,0
"1761","OPCML",0,0,1,2,2,0,1,0,0
"1762","SLC47A1",0,0,1,0,0,0,0,0,0
"1763","SYT14",0,0,1,0,0,0,0,1,0
"1764","AC064834.1",0,0,1,0,0,0,1,0,0
"1765","MYLK4",0,0,1,0,0,0,1,0,0
"1766","RRAD",0,0,1,0,0,0,0,0,0
"1767","TBC1D12",0,0,1,0,0,0,0,0,0
"1768","CNGA1",0,0,1,1,1,0,0,1,0
"1769","LIM2",0,0,2,0,5,0,1,0,0
"1770","GLOD5",0,0,1,0,0,0,0,0,0
"1771","CASR",0,0,1,0,2,1,0,0,0
"1772","TNN",0,0,1,0,0,0,2,0,0
"1773","HEY2",0,0,0,6,0,0,0,0,0
"1774","HOXA5",0,0,0,5,7,0,0,0,0
"1775","PBX1",0,0,0,15,0,0,6,8,0
"1776","ZNF610",0,0,0,6,8,0,0,0,0
"1777","LINC01350",0,0,0,0,0,0,0,0,0
"1778","RGS5",0,0,0,1,0,0,0,0,0
"1779","ANKRD7",0,0,0,1,0,0,1,0,0
"1780","TMEM200A",0,0,0,1,1,0,0,0,0
"1781","ELOVL7",0,0,0,1,0,0,0,0,0
"1782","STMND1",0,0,0,1,0,0,0,0,0
"1783","SUSD1",0,0,0,2,1,0,1,2,0
"1784","TLE1",0,0,0,1,0,0,0,0,0
"1785","ALK",0,0,0,0,0,0,0,0,0
"1786","LRRC36",0,0,0,2,0,0,0,1,0
"1787","MYL4",0,0,0,1,0,0,0,0,0
"1788","SORBS1",0,0,0,1,2,0,0,0,0
"1789","ZFR2",0,0,0,1,0,0,0,0,0
"1790","GPRC5A",0,0,0,1,0,0,1,0,0
"1791","LDHC",0,0,0,1,1,0,2,2,0
"1792","MYO10",0,0,0,1,0,0,0,1,0
"1793","WNT2B",0,0,0,1,1,0,1,2,0
"1794","ACOT6",0,0,0,1,0,0,0,0,0
"1795","AC006076.1",0,0,0,1,0,0,0,0,0
"1796","DRAXIN",0,0,0,1,1,0,0,0,0
"1797","CTDSPL",0,0,0,1,0,0,0,3,0
"1798","IL7",0,0,0,2,2,0,1,0,0
"1799","CPQ",0,0,0,2,0,0,0,0,0
"1800","LINC00520",0,0,0,2,0,0,0,0,0
"1801","CLTCL1",0,0,0,1,2,0,0,1,0
"1802","HLA-DRA",0,0,0,2,0,0,3,0,0
"1803","MATN1",0,0,0,1,1,3,1,1,0
"1804","JAM2",0,0,0,1,0,0,0,0,0
"1805","BANK1",0,0,0,1,1,0,0,0,0
"1806","APOL4",0,0,0,1,0,0,0,0,0
"1807","ELAVL3",0,0,0,1,0,4,0,0,0
"1808","TMEM244",0,0,0,1,0,0,0,0,0
"1809","NCMAP",0,0,0,1,0,0,0,0,0
"1810","CA10",0,0,0,1,0,0,0,0,0
"1811","LIPH",0,0,0,1,0,0,3,0,0
"1812","TANC1",0,0,0,1,0,0,0,1,0
"1813","NPAS1",0,0,0,0,6,0,0,0,0
"1814","PRDM5",0,0,0,0,3,0,0,0,0
"1815","ZNF135",0,0,0,0,5,0,0,0,0
"1816","ZNF732",0,0,0,0,21,0,0,6,0
"1817","NCAM1",0,0,0,0,2,0,0,0,0
"1818","EDARADD",0,0,0,0,1,0,0,0,0
"1819","B3GAT1",0,0,0,0,1,0,0,0,0
"1820","PLXNA4",0,0,0,0,3,0,0,0,0
"1821","SLC25A43",0,0,0,0,2,0,0,0,0
"1822","SYCP2L",0,0,0,0,1,0,2,0,0
"1823","DYSF",0,0,0,0,1,0,0,0,0
"1824","FGR",0,0,0,0,1,0,0,0,0
"1825","ADGRG3",0,0,0,0,2,0,0,0,0
"1826","KCNMA1",0,0,0,0,1,0,0,0,0
"1827","TIE1",0,0,0,0,2,0,0,0,0
"1828","IL31RA",0,0,0,0,2,0,0,0,0
"1829","TMEM117",0,0,0,0,1,0,2,0,0
"1830","HS6ST2",0,0,0,0,1,0,0,0,0
"1831","KLRC1",0,0,0,0,2,0,0,0,0
"1832","KLRF1",0,0,0,0,3,0,0,2,0
"1833","SLC4A4",0,0,0,0,0,0,0,1,0
"1834","ADAM28",0,0,0,0,4,0,0,0,0
"1835","FBXO43",0,0,0,0,1,1,1,0,1
"1836","PRKAR2B",0,0,0,0,1,0,0,0,0
"1837","CCL17",0,0,0,0,1,0,0,0,0
"1838","FCGR3A",0,0,0,0,2,0,0,0,0
"1839","IL22RA2",0,0,0,0,1,0,0,0,0
"1840","PTGS2",0,0,0,0,1,0,0,0,0
"1841","MBOAT4",0,0,0,0,2,0,0,0,0
"1842","PRSS23",0,0,0,0,1,0,0,0,0
"1843","LDB2",0,0,0,0,2,0,1,0,0
"1844","LRRC63",0,0,0,0,1,0,0,0,0
"1845","PTPRB",0,0,0,0,1,0,0,0,0
"1846","SH2D1B",0,0,0,0,2,0,0,0,0
"1847","ISM1",0,0,0,0,1,0,0,2,0
"1848","CYP7B1",0,0,0,0,1,0,0,1,0
"1849","FCRL3",0,0,0,0,2,0,0,1,0
"1850","GFRA2",0,0,0,0,1,0,0,0,0
"1851","PCDH9",0,0,0,0,1,0,0,0,0
"1852","KLHDC9",0,0,0,0,1,0,0,1,0
"1853","ADGRG6",0,0,0,0,0,0,0,1,0
"1854","SAMD12-AS1",0,0,0,0,0,0,0,0,0
"1855","NPTXR",0,0,0,0,0,0,0,0,0
"1856","PTGDR",0,0,0,0,3,0,0,0,0
"1857","TGFA",0,0,0,0,1,0,0,0,0
"1858","TRIM71",0,0,0,0,1,0,1,0,0
"1859","ENPP5",0,0,0,0,1,0,0,0,0
"1860","ZPLD1",0,0,0,0,1,0,0,0,0
"1861","SHC4",0,0,0,0,1,1,0,2,0
"1862","TYROBP",0,0,0,0,2,0,0,1,0
"1863","SUGCT",0,0,0,0,2,0,0,1,0
"1864","MOXD1",0,0,0,0,1,0,0,0,0
"1865","POLQ",0,0,0,0,1,1,1,0,0
"1866","SHBG",0,0,0,0,1,0,0,1,0
"1867","SCUBE1",0,0,0,0,2,0,0,0,0
"1868","ZNF683",0,0,0,0,1,0,0,0,0
"1869","KCNB1",0,0,0,0,1,0,0,1,0
"1870","RASD1",0,0,0,0,1,0,0,0,0
"1871","ENC1",0,0,0,0,1,0,0,0,0
"1872","CEP162",0,0,0,0,1,0,0,1,0
"1873","VCAM1",0,0,0,0,1,0,0,0,0
"1874","DDX60",0,0,0,0,1,0,0,0,0
"1875","OSBPL5",0,0,0,0,1,0,0,0,0
"1876","NEGR1",0,0,0,0,1,0,0,0,0
"1877","MAFA",0,0,0,0,0,4,0,0,0
"1878","SMAD6",0,0,0,0,0,2,0,0,0
"1879","IL21",0,0,0,0,0,5,0,0,1
"1880","DHRS2",0,0,0,0,0,1,0,0,0
"1881","EBF1",0,0,0,0,0,0,0,0,0
"1882","ARHGEF11",0,0,0,0,0,1,0,0,0
"1883","RUFY4",0,0,0,0,0,0,0,3,0
"1884","HDC",0,0,0,0,0,0,0,0,0
"1885","MEOX1",0,0,0,0,0,0,2,0,0
"1886","SOX13",0,0,0,0,0,0,16,0,0
"1887","LRRN4",0,0,0,0,0,0,1,0,0
"1888","SLC4A1",0,0,0,0,0,0,2,0,0
"1889","BAMBI",0,0,0,0,0,0,1,0,0
"1890","KLKB1",0,0,0,0,0,0,1,0,0
"1891","IGSF11",0,0,0,0,0,0,2,0,0
"1892","THBS1",0,0,0,0,0,0,1,0,0
"1893","IL22",0,0,0,0,0,0,1,0,0
"1894","CD86",0,0,0,0,0,0,4,0,0
"1895","HMCN1",0,0,0,0,0,0,1,0,0
"1896","DLC1",0,0,0,0,0,0,1,0,0
"1897","IFNL3",0,0,0,0,0,0,1,0,0
"1898","PLXDC2",0,0,0,0,0,0,1,0,0
"1899","HS3ST1",0,0,0,0,0,0,0,1,0
"1900","CPED1",0,0,0,0,0,0,1,0,0
"1901","TCERG1L",0,0,0,0,0,0,1,0,0
"1902","MS4A6A",0,0,0,0,0,0,1,0,0
"1903","CYSLTR1",0,0,0,0,0,0,1,0,0
"1904","SLCO1A2",0,0,0,0,0,0,1,0,0
"1905","GPC6",0,0,0,0,0,0,1,0,0
"1906","NDNF",0,0,0,0,0,0,1,1,0
"1907","MBNL3",0,0,0,0,0,0,1,0,0
"1908","CALB1",0,0,0,0,0,0,1,0,0
"1909","ATRNL1",0,0,0,0,0,0,1,0,0
"1910","LIFR",0,0,0,0,0,0,1,0,0
"1911","SLC2A9",0,0,0,0,0,0,0,0,0
"1912","CNKSR2",0,0,0,0,0,0,2,1,0
"1913","RBM47",0,0,0,0,0,0,0,2,0
"1914","ANKFN1",0,0,0,0,0,0,1,0,0
"1915","AFF2",0,0,0,0,0,0,1,2,0
"1916","LRP2",0,0,0,0,0,0,1,0,0
"1917","ESR1",0,0,0,0,0,0,0,20,0
"1918","ZNF423",0,0,0,0,0,0,0,5,0
"1919","ACSM1",0,0,0,0,0,0,0,1,0
"1920","SERPINE1",0,0,0,0,0,0,0,1,0
"1921","LAMC3",0,0,0,0,0,0,0,1,0
"1922","HIST2H3D",0,0,0,0,0,0,0,1,0
"1923","PALM",0,0,0,0,0,0,0,1,0
"1924","FTCDNL1",0,0,0,0,0,0,0,1,0
"1925","CELF5",0,0,0,0,0,0,0,1,0
"1926","PRLR",0,0,0,0,0,0,0,1,0
"1927","COL25A1",0,0,0,0,0,0,0,1,0
"1928","GALNT18",0,0,0,0,0,0,0,2,0
"1929","CYP4A22-AS1",0,0,0,0,0,0,0,0,0
"1930","GRIK1",0,0,0,0,0,0,0,1,0
"1931","SCGB3A1",0,0,0,0,0,0,0,1,0
"1932","LINC01185",0,0,0,0,0,0,0,1,0
"1933","LRP3",0,0,0,0,0,0,0,2,0
"1934","MARCKS",0,0,0,0,0,0,0,1,0
"1935","ROR2",0,0,0,0,0,0,0,1,0
"1936","CACNB2",0,0,0,0,0,0,0,1,0
"1937","LINGO3",0,0,0,0,0,0,0,1,0
"1938","RAB31",0,0,0,0,0,0,0,1,0
"1939","RSPH14",0,0,0,0,0,0,0,2,0
"1940","SMOC1",0,0,0,0,0,0,0,1,0
"1941","TERB1",0,0,0,0,0,0,0,1,0
"1942","IQSEC2",0,0,0,0,0,0,0,1,0
"1943","MIR663AHG",0,0,0,0,0,0,0,1,0
"1944","TXLNB",0,0,0,0,0,0,0,1,0
"1945","COL19A1",0,0,0,0,0,0,0,1,0
"1946","EDAR",0,0,0,0,0,0,0,1,0
"1947","ATP6V1G3",0,0,0,0,0,0,0,1,0
"1948","LINC01629",0,0,0,0,0,0,0,1,0
"1949","LINC00469",0,0,0,0,0,0,0,2,0
"1950","SLC8A1",0,0,0,0,0,0,0,2,0
"1951","TSPAN9",0,0,0,0,0,0,0,1,0
"1952","GRM5",0,0,0,0,0,0,0,2,0
"1953","CRB1",0,0,0,0,0,0,0,1,0
"1954","USP18",0,0,0,0,0,0,0,0,0
"1955","COL5A2",0,0,0,0,0,0,0,1,0
"1956","GDAP1",0,0,0,0,0,0,0,1,0
"1957","CHRNB3",0,0,0,0,0,0,0,1,0
"1958","KIAA0825",0,0,0,0,0,0,0,1,0
"1959","LINC01524",0,0,0,0,0,0,0,0,0
"1960","SLC30A8",0,0,0,0,0,0,0,0,0
"1961","MUC13",0,0,0,0,0,0,0,0,0
"1962","SIGLEC6",0,0,0,0,0,0,0,0,0
